field,cluster,distance,rank_in_cluster,rabi_2026,kharif_2026,auto_acres
g0403,0,0.112,1,,,0.27
g0708,0,0.12,2,,,1.31
g0209,0,0.1206,3,,,0.37
g0901,0,0.1261,4,,,0.49
g0208,0,0.1307,5,,,0.89
g0906,0,0.1354,6,,,0.57
g0900,0,0.1516,7,,,0.47
g0107,0,0.1554,8,,,0.59
g0700,0,0.1618,9,,,0.62
g0300,0,0.1725,10,,,0.44
g0104,0,0.1888,11,,,0.59
g0001,0,0.1936,12,,,0.44
g0301,0,0.1942,13,,,1.85
g0909,0,0.2097,14,,,0.3
g0904,1,0.0682,1,,,0.94
g0400,1,0.0686,2,,,0.82
g0308,1,0.0831,3,,,1.26
g0601,1,0.0936,4,,,5.73
g0903,1,0.0961,5,,,1.38
g0603,1,0.106,6,,,0.3
g0305,1,0.1099,7,,,2.0
g0703,1,0.1119,8,,,0.96
g0502,1,0.1126,9,,,1.28
g0505,1,0.1144,10,,,2.47
g0602,1,0.1193,11,,,0.96
g0606,1,0.1205,12,,,3.43
g0106,1,0.1325,13,,,1.98
g0902,1,0.1344,14,,,4.35
g0504,1,0.14,15,,,1.75
g0706,1,0.1467,16,,,1.9
g0702,1,0.1472,17,,,0.86
g0007,1,0.1508,18,,,0.86
g0705,1,0.1575,19,,,1.38
g0407,1,0.158,20,,,0.49
g0203,1,0.1723,21,,,0.89
g0207,1,0.1805,22,,,0.47
g0608,1,0.2146,23,,,0.96
g0105,1,0.2344,24,,,1.09
g0309,1,0.2346,25,,,1.26
g0704,2,0.1085,1,,,2.4
g0002,2,0.1212,2,,,1.93
g0102,2,0.1215,3,,,1.06
g0806,2,0.1357,4,,,0.91
g0509,2,0.1357,4,,,0.84
g0609,2,0.1405,6,,,1.85
g0205,3,0.0998,1,,,0.94
g0108,3,0.1238,2,,,0.44
g0103,3,0.1285,3,,,0.57
g0101,3,0.1286,4,,,0.69
g0109,3,0.1362,5,,,0.67
g0506,3,0.1483,6,,,0.25
g0801,3,0.1706,7,,,0.67
g0607,3,0.1745,8,,,0.22
g0006,3,0.1775,9,,,0.96
g0004,4,0.1125,1,,,0.3
g0302,4,0.1468,2,,,0.22
g0808,4,0.1761,3,,,1.09
g0604,4,0.18,4,,,6.05
g0307,4,0.1907,5,,,1.61
g0401,4,0.1953,6,,,0.25
g0201,4,0.2135,7,,,0.32
g0807,4,0.2231,8,,,0.94
g0405,4,0.2788,9,,,10.11
g0008,5,0.0259,1,non_crop,non_crop,1.66
g0500,5,0.0549,2,non_crop,non_crop,1.66
g0304,5,0.0729,3,non_crop,non_crop,28.29
g0005,5,0.0756,4,,,0.54
g0100,5,0.0845,5,non_crop,non_crop,36.82
g0908,5,0.0882,6,non_crop,non_crop,2.69
g0802,5,0.1267,7,,,2.27
