field,strip,model,true,pred,pixel_agreement
g0001,strip_1,logistic,wheat,wheat,1.0
g0100,strip_1,logistic,not_cropped,not_cropped,1.0
g0101,strip_1,logistic,other_crop,other_crop,1.0
g0201,strip_1,logistic,other_crop,other_crop,1.0
g0300,strip_1,logistic,wheat,wheat,1.0
g0301,strip_1,logistic,wheat,wheat,1.0
g0400,strip_1,logistic,wheat,wheat,1.0
g0401,strip_1,logistic,other_crop,other_crop,1.0
g0500,strip_1,logistic,not_cropped,not_cropped,1.0
g0601,strip_1,logistic,wheat,wheat,1.0
g0700,strip_1,logistic,wheat,wheat,1.0
g0801,strip_1,logistic,other_crop,other_crop,1.0
g0900,strip_1,logistic,wheat,wheat,1.0
g0901,strip_1,logistic,wheat,wheat,1.0
g0001,strip_1,mlp,wheat,wheat,1.0
g0100,strip_1,mlp,not_cropped,not_cropped,1.0
g0101,strip_1,mlp,other_crop,other_crop,1.0
g0201,strip_1,mlp,other_crop,other_crop,1.0
g0300,strip_1,mlp,wheat,wheat,1.0
g0301,strip_1,mlp,wheat,wheat,1.0
g0400,strip_1,mlp,wheat,wheat,1.0
g0401,strip_1,mlp,other_crop,other_crop,1.0
g0500,strip_1,mlp,not_cropped,not_cropped,1.0
g0601,strip_1,mlp,wheat,wheat,1.0
g0700,strip_1,mlp,wheat,wheat,1.0
g0801,strip_1,mlp,other_crop,other_crop,0.93
g0900,strip_1,mlp,wheat,wheat,1.0
g0901,strip_1,mlp,wheat,wheat,1.0
g0001,strip_1,tempcnn,wheat,wheat,1.0
g0100,strip_1,tempcnn,not_cropped,not_cropped,1.0
g0101,strip_1,tempcnn,other_crop,other_crop,1.0
g0201,strip_1,tempcnn,other_crop,other_crop,0.83
g0300,strip_1,tempcnn,wheat,wheat,1.0
g0301,strip_1,tempcnn,wheat,wheat,1.0
g0400,strip_1,tempcnn,wheat,wheat,1.0
g0401,strip_1,tempcnn,other_crop,other_crop,1.0
g0500,strip_1,tempcnn,not_cropped,not_cropped,1.0
g0601,strip_1,tempcnn,wheat,wheat,1.0
g0700,strip_1,tempcnn,wheat,wheat,1.0
g0801,strip_1,tempcnn,other_crop,other_crop,0.93
g0900,strip_1,tempcnn,wheat,wheat,1.0
g0901,strip_1,tempcnn,wheat,wheat,1.0
g0002,strip_2,logistic,wheat,wheat,1.0
g0102,strip_2,logistic,wheat,wheat,1.0
g0103,strip_2,logistic,other_crop,other_crop,1.0
g0203,strip_2,logistic,wheat,wheat,1.0
g0403,strip_2,logistic,wheat,wheat,1.0
g0502,strip_2,logistic,wheat,wheat,1.0
g0602,strip_2,logistic,wheat,wheat,1.0
g0603,strip_2,logistic,wheat,wheat,1.0
g0702,strip_2,logistic,wheat,wheat,1.0
g0703,strip_2,logistic,wheat,wheat,1.0
g0802,strip_2,logistic,not_cropped,not_cropped,1.0
g0902,strip_2,logistic,wheat,wheat,1.0
g0903,strip_2,logistic,wheat,wheat,1.0
g0002,strip_2,mlp,wheat,other_crop,0.83
g0102,strip_2,mlp,wheat,wheat,1.0
g0103,strip_2,mlp,other_crop,other_crop,1.0
g0203,strip_2,mlp,wheat,wheat,1.0
g0403,strip_2,mlp,wheat,wheat,1.0
g0502,strip_2,mlp,wheat,wheat,1.0
g0602,strip_2,mlp,wheat,wheat,1.0
g0603,strip_2,mlp,wheat,wheat,0.88
g0702,strip_2,mlp,wheat,wheat,1.0
g0703,strip_2,mlp,wheat,wheat,1.0
g0802,strip_2,mlp,not_cropped,not_cropped,1.0
g0902,strip_2,mlp,wheat,wheat,1.0
g0903,strip_2,mlp,wheat,wheat,1.0
g0002,strip_2,tempcnn,wheat,wheat,1.0
g0102,strip_2,tempcnn,wheat,wheat,1.0
g0103,strip_2,tempcnn,other_crop,other_crop,0.93
g0203,strip_2,tempcnn,wheat,wheat,1.0
g0403,strip_2,tempcnn,wheat,wheat,1.0
g0502,strip_2,tempcnn,wheat,wheat,1.0
g0602,strip_2,tempcnn,wheat,wheat,1.0
g0603,strip_2,tempcnn,wheat,wheat,1.0
g0702,strip_2,tempcnn,wheat,wheat,1.0
g0703,strip_2,tempcnn,wheat,wheat,1.0
g0802,strip_2,tempcnn,not_cropped,not_cropped,0.99
g0902,strip_2,tempcnn,wheat,wheat,1.0
g0903,strip_2,tempcnn,wheat,wheat,1.0
g0004,strip_3,logistic,other_crop,other_crop,1.0
g0005,strip_3,logistic,not_cropped,not_cropped,1.0
g0104,strip_3,logistic,wheat,wheat,0.86
g0105,strip_3,logistic,wheat,wheat,1.0
g0205,strip_3,logistic,other_crop,other_crop,1.0
g0304,strip_3,logistic,not_cropped,not_cropped,1.0
g0305,strip_3,logistic,wheat,wheat,1.0
g0504,strip_3,logistic,wheat,wheat,1.0
g0505,strip_3,logistic,wheat,wheat,1.0
g0604,strip_3,logistic,other_crop,other_crop,1.0
g0704,strip_3,logistic,wheat,wheat,1.0
g0705,strip_3,logistic,wheat,wheat,1.0
g0904,strip_3,logistic,wheat,wheat,1.0
g0004,strip_3,mlp,other_crop,other_crop,1.0
g0005,strip_3,mlp,not_cropped,not_cropped,1.0
g0104,strip_3,mlp,wheat,wheat,1.0
g0105,strip_3,mlp,wheat,wheat,1.0
g0205,strip_3,mlp,other_crop,other_crop,1.0
g0304,strip_3,mlp,not_cropped,not_cropped,1.0
g0305,strip_3,mlp,wheat,wheat,1.0
g0504,strip_3,mlp,wheat,wheat,0.98
g0505,strip_3,mlp,wheat,wheat,1.0
g0604,strip_3,mlp,other_crop,other_crop,1.0
g0704,strip_3,mlp,wheat,wheat,1.0
g0705,strip_3,mlp,wheat,wheat,1.0
g0904,strip_3,mlp,wheat,wheat,1.0
g0004,strip_3,tempcnn,other_crop,other_crop,1.0
g0005,strip_3,tempcnn,not_cropped,not_cropped,1.0
g0104,strip_3,tempcnn,wheat,wheat,1.0
g0105,strip_3,tempcnn,wheat,wheat,1.0
g0205,strip_3,tempcnn,other_crop,other_crop,1.0
g0304,strip_3,tempcnn,not_cropped,not_cropped,1.0
g0305,strip_3,tempcnn,wheat,wheat,1.0
g0504,strip_3,tempcnn,wheat,wheat,1.0
g0505,strip_3,tempcnn,wheat,wheat,1.0
g0604,strip_3,tempcnn,other_crop,other_crop,1.0
g0704,strip_3,tempcnn,wheat,wheat,1.0
g0705,strip_3,tempcnn,wheat,wheat,1.0
g0904,strip_3,tempcnn,wheat,wheat,1.0
g0006,strip_4,logistic,other_crop,other_crop,0.92
g0007,strip_4,logistic,wheat,wheat,1.0
g0106,strip_4,logistic,wheat,wheat,1.0
g0107,strip_4,logistic,wheat,wheat,1.0
g0207,strip_4,logistic,wheat,wheat,1.0
g0307,strip_4,logistic,other_crop,other_crop,1.0
g0407,strip_4,logistic,wheat,wheat,1.0
g0506,strip_4,logistic,other_crop,other_crop,1.0
g0606,strip_4,logistic,wheat,wheat,1.0
g0607,strip_4,logistic,other_crop,other_crop,1.0
g0706,strip_4,logistic,wheat,wheat,1.0
g0806,strip_4,logistic,wheat,wheat,1.0
g0807,strip_4,logistic,other_crop,other_crop,1.0
g0906,strip_4,logistic,wheat,wheat,1.0
g0006,strip_4,mlp,other_crop,other_crop,0.65
g0007,strip_4,mlp,wheat,wheat,1.0
g0106,strip_4,mlp,wheat,wheat,1.0
g0107,strip_4,mlp,wheat,wheat,1.0
g0207,strip_4,mlp,wheat,wheat,1.0
g0307,strip_4,mlp,other_crop,other_crop,1.0
g0407,strip_4,mlp,wheat,wheat,1.0
g0506,strip_4,mlp,other_crop,other_crop,1.0
g0606,strip_4,mlp,wheat,wheat,1.0
g0607,strip_4,mlp,other_crop,other_crop,1.0
g0706,strip_4,mlp,wheat,wheat,1.0
g0806,strip_4,mlp,wheat,wheat,1.0
g0807,strip_4,mlp,other_crop,other_crop,1.0
g0906,strip_4,mlp,wheat,wheat,1.0
g0006,strip_4,tempcnn,other_crop,other_crop,0.88
g0007,strip_4,tempcnn,wheat,wheat,1.0
g0106,strip_4,tempcnn,wheat,wheat,1.0
g0107,strip_4,tempcnn,wheat,wheat,1.0
g0207,strip_4,tempcnn,wheat,wheat,1.0
g0307,strip_4,tempcnn,other_crop,other_crop,1.0
g0407,strip_4,tempcnn,wheat,wheat,0.91
g0506,strip_4,tempcnn,other_crop,other_crop,1.0
g0606,strip_4,tempcnn,wheat,wheat,1.0
g0607,strip_4,tempcnn,other_crop,other_crop,1.0
g0706,strip_4,tempcnn,wheat,wheat,1.0
g0806,strip_4,tempcnn,wheat,wheat,1.0
g0807,strip_4,tempcnn,other_crop,not_cropped,0.9
g0906,strip_4,tempcnn,wheat,wheat,1.0
g0008,strip_5,logistic,not_cropped,not_cropped,1.0
g0108,strip_5,logistic,other_crop,other_crop,1.0
g0109,strip_5,logistic,other_crop,other_crop,1.0
g0208,strip_5,logistic,wheat,wheat,1.0
g0209,strip_5,logistic,wheat,wheat,1.0
g0308,strip_5,logistic,wheat,wheat,1.0
g0309,strip_5,logistic,wheat,wheat,1.0
g0509,strip_5,logistic,wheat,wheat,1.0
g0608,strip_5,logistic,other_crop,wheat,1.0
g0609,strip_5,logistic,wheat,wheat,1.0
g0708,strip_5,logistic,wheat,wheat,1.0
g0808,strip_5,logistic,other_crop,other_crop,1.0
g0908,strip_5,logistic,not_cropped,not_cropped,1.0
g0909,strip_5,logistic,wheat,wheat,1.0
g0008,strip_5,mlp,not_cropped,not_cropped,1.0
g0108,strip_5,mlp,other_crop,other_crop,1.0
g0109,strip_5,mlp,other_crop,other_crop,1.0
g0208,strip_5,mlp,wheat,wheat,1.0
g0209,strip_5,mlp,wheat,wheat,1.0
g0308,strip_5,mlp,wheat,wheat,1.0
g0309,strip_5,mlp,wheat,wheat,1.0
g0509,strip_5,mlp,wheat,wheat,1.0
g0608,strip_5,mlp,other_crop,wheat,0.97
g0609,strip_5,mlp,wheat,wheat,1.0
g0708,strip_5,mlp,wheat,wheat,1.0
g0808,strip_5,mlp,other_crop,other_crop,1.0
g0908,strip_5,mlp,not_cropped,not_cropped,1.0
g0909,strip_5,mlp,wheat,wheat,1.0
g0008,strip_5,tempcnn,not_cropped,not_cropped,1.0
g0108,strip_5,tempcnn,other_crop,other_crop,1.0
g0109,strip_5,tempcnn,other_crop,other_crop,1.0
g0208,strip_5,tempcnn,wheat,wheat,1.0
g0209,strip_5,tempcnn,wheat,wheat,1.0
g0308,strip_5,tempcnn,wheat,wheat,1.0
g0309,strip_5,tempcnn,wheat,wheat,1.0
g0509,strip_5,tempcnn,wheat,wheat,1.0
g0608,strip_5,tempcnn,other_crop,wheat,0.97
g0609,strip_5,tempcnn,wheat,wheat,1.0
g0708,strip_5,tempcnn,wheat,wheat,1.0
g0808,strip_5,tempcnn,other_crop,other_crop,1.0
g0908,strip_5,tempcnn,not_cropped,not_cropped,1.0
g0909,strip_5,tempcnn,wheat,wheat,1.0
