order,field,visited,date_time,your_lat,your_lon,land_use,crop_now,crop_last_winter,farmer_answered,farmer_sure,outline_matches,photos,notes
A1,g0000,,,,,,,,,,,,
A2,g0200,,,,,,,,,,,,
A3,g0202,,,,,,,,,,,,
A4,g0303,,,,,,,,,,,,
A5,g0402,,,,,,,,,,,,
A6,g0501,,,,,,,,,,,,
A7,g0600,,,,,,,,,,,,
A8,g0701,,,,,,,,,,,,
A9,g0800,,,,,,,,,,,,
A10,g0803,,,,,,,,,,,,
A11,g0804,,,,,,,,,,,,
A12,g0805,,,,,,,,,,,,
A13,g0905,,,,,,,,,,,,
A14,g0907,,,,,,,,,,,,
A15,g0809,,,,,,,,,,,,
A16,g0709,,,,,,,,,,,,
A17,g0608,,,,,,,,,,,,
A18,g0707,,,,,,,,,,,,
A19,g0508,,,,,,,,,,,,
A20,g0409,,,,,,,,,,,,
A21,g0408,,,,,,,,,,,,
A22,g0507,,,,,,,,,,,,
A23,g0406,,,,,,,,,,,,
A24,g0605,,,,,,,,,,,,
A25,g0503,,,,,,,,,,,,
A26,g0404,,,,,,,,,,,,
A27,g0306,,,,,,,,,,,,
A28,g0206,,,,,,,,,,,,
A29,g0204,,,,,,,,,,,,
A30,g0003,,,,,,,,,,,,
A31,g0009,,,,,,,,,,,,
B1,g0801,,,,,,,,,,,,
B2,g0704,,,,,,,,,,,,
B3,g0806,,,,,,,,,,,,
B4,g0607,,,,,,,,,,,,
B5,g0506,,,,,,,,,,,,
B6,g0405,,,,,,,,,,,,
B7,g0302,,,,,,,,,,,,
B8,g0401,,,,,,,,,,,,
B9,g0102,,,,,,,,,,,,
B10,g0002,,,,,,,,,,,,
B11,g0004,,,,,,,,,,,,
B12,g0005,,,,,,,,,,,,
B13,g0006,,,,,,,,,,,,
B14,g0109,,,,,,,,,,,,
B15,g0509,,,,,,,,,,,,
B16,g0609,,,,,,,,,,,,
