priority,order,field,lat,lon,acres,maps_link
A,1,g0000,31.232282,74.251945,1.41,"https://www.google.com/maps/search/?api=1&query=31.232282,74.251945"
A,2,g0200,31.217212,74.257492,47.62,"https://www.google.com/maps/search/?api=1&query=31.217212,74.257492"
A,3,g0202,31.215686,74.273586,0.17,"https://www.google.com/maps/search/?api=1&query=31.215686,74.273586"
A,4,g0303,31.207929,74.282367,7.54,"https://www.google.com/maps/search/?api=1&query=31.207929,74.282367"
A,5,g0402,31.196625,74.271474,1.26,"https://www.google.com/maps/search/?api=1&query=31.196625,74.271474"
A,6,g0501,31.189397,74.26736,0.37,"https://www.google.com/maps/search/?api=1&query=31.189397,74.267359"
A,7,g0600,31.176002,74.257431,4.47,"https://www.google.com/maps/search/?api=1&query=31.176002,74.257431"
A,8,g0701,31.171771,74.262104,2.84,"https://www.google.com/maps/search/?api=1&query=31.171771,74.262103"
A,9,g0800,31.161948,74.256436,2.5,"https://www.google.com/maps/search/?api=1&query=31.161948,74.256436"
A,10,g0803,31.165828,74.292197,1.43,"https://www.google.com/maps/search/?api=1&query=31.165828,74.292197"
A,11,g0804,31.161909,74.293854,0.22,"https://www.google.com/maps/search/?api=1&query=31.161909,74.293854"
A,12,g0805,31.16315,74.305254,2.17,"https://www.google.com/maps/search/?api=1&query=31.163150,74.305254"
A,13,g0905,31.152191,74.304847,3.88,"https://www.google.com/maps/search/?api=1&query=31.152191,74.304847"
A,14,g0907,31.152788,74.330866,0.54,"https://www.google.com/maps/search/?api=1&query=31.152788,74.330866"
A,15,g0809,31.163752,74.353553,1.46,"https://www.google.com/maps/search/?api=1&query=31.163752,74.353553"
A,16,g0709,31.168573,74.346933,0.57,"https://www.google.com/maps/search/?api=1&query=31.168573,74.346933"
A,17,g0608,31.176813,74.341983,0.96,"https://www.google.com/maps/search/?api=1&query=31.176813,74.341983"
A,18,g0707,31.174181,74.330989,2.37,"https://www.google.com/maps/search/?api=1&query=31.174181,74.330989"
A,19,g0508,31.188395,74.335255,0.64,"https://www.google.com/maps/search/?api=1&query=31.188395,74.335255"
A,20,g0409,31.197077,74.347258,1.46,"https://www.google.com/maps/search/?api=1&query=31.197077,74.347258"
A,21,g0408,31.194172,74.340065,1.26,"https://www.google.com/maps/search/?api=1&query=31.194172,74.340065"
A,22,g0507,31.193061,74.326784,1.26,"https://www.google.com/maps/search/?api=1&query=31.193061,74.326784"
A,23,g0406,31.195253,74.323222,0.44,"https://www.google.com/maps/search/?api=1&query=31.195253,74.323222"
A,24,g0605,31.177955,74.313023,2.27,"https://www.google.com/maps/search/?api=1&query=31.177955,74.313023"
A,25,g0503,31.185416,74.288289,3.63,"https://www.google.com/maps/search/?api=1&query=31.185416,74.288289"
A,26,g0404,31.194192,74.29827,2.08,"https://www.google.com/maps/search/?api=1&query=31.194192,74.298270"
A,27,g0306,31.202726,74.321407,3.61,"https://www.google.com/maps/search/?api=1&query=31.202725,74.321407"
A,28,g0206,31.215911,74.317596,0.62,"https://www.google.com/maps/search/?api=1&query=31.215911,74.317596"
A,29,g0204,31.215332,74.299869,0.59,"https://www.google.com/maps/search/?api=1&query=31.215332,74.299869"
A,30,g0003,31.236677,74.291037,0.35,"https://www.google.com/maps/search/?api=1&query=31.236677,74.291037"
A,31,g0009,31.236534,74.347456,0.35,"https://www.google.com/maps/search/?api=1&query=31.236534,74.347455"
B,1,g0801,31.158893,74.263661,0.67,"https://www.google.com/maps/search/?api=1&query=31.158893,74.263661"
B,2,g0704,31.172722,74.293569,2.4,"https://www.google.com/maps/search/?api=1&query=31.172722,74.293569"
B,3,g0806,31.157608,74.31956,0.91,"https://www.google.com/maps/search/?api=1&query=31.157608,74.319560"
B,4,g0607,31.178464,74.326214,0.22,"https://www.google.com/maps/search/?api=1&query=31.178465,74.326214"
B,5,g0506,31.192165,74.320374,0.25,"https://www.google.com/maps/search/?api=1&query=31.192165,74.320374"
B,6,g0405,31.200605,74.312439,10.11,"https://www.google.com/maps/search/?api=1&query=31.200605,74.312439"
B,7,g0302,31.202223,74.280793,0.22,"https://www.google.com/maps/search/?api=1&query=31.202223,74.280793"
B,8,g0401,31.201208,74.265923,0.25,"https://www.google.com/maps/search/?api=1&query=31.201208,74.265923"
B,9,g0102,31.225875,74.275816,1.06,"https://www.google.com/maps/search/?api=1&query=31.225875,74.275816"
B,10,g0002,31.231054,74.274802,1.93,"https://www.google.com/maps/search/?api=1&query=31.231054,74.274802"
B,11,g0004,31.235629,74.298896,0.3,"https://www.google.com/maps/search/?api=1&query=31.235629,74.298896"
B,12,g0005,31.230096,74.312735,0.54,"https://www.google.com/maps/search/?api=1&query=31.230096,74.312735"
B,13,g0006,31.231641,74.319748,0.96,"https://www.google.com/maps/search/?api=1&query=31.231641,74.319748"
B,14,g0109,31.226706,74.35406,0.67,"https://www.google.com/maps/search/?api=1&query=31.226706,74.354060"
B,15,g0509,31.188806,74.347298,0.84,"https://www.google.com/maps/search/?api=1&query=31.188806,74.347298"
B,16,g0609,31.178231,74.348547,1.85,"https://www.google.com/maps/search/?api=1&query=31.178231,74.348547"
