field,date,pixels,clear_fraction,NDVI_mean,NDVI_median,NDVI_std,NDWI_mean,NDWI_median,NDWI_std,NDMI_mean,NDMI_median,NDMI_std,EVI_mean,EVI_median,EVI_std,NDRE_mean,NDRE_median,NDRE_std
field1_west,2025-09-10,324,1.00,0.9028,0.9066,0.0201,-0.8004,-0.8027,0.0180,0.4075,0.4096,0.0211,0.5880,0.5872,0.0358,0.6982,0.7028,0.0299
field1_northeast,2025-09-10,107,1.00,0.8368,0.8301,0.0226,-0.7224,-0.7138,0.0233,0.4013,0.3980,0.0156,0.6521,0.6539,0.0169,0.6461,0.6455,0.0135
field1_southeast,2025-09-10,46,1.00,0.9094,0.9096,0.0073,-0.7989,-0.7988,0.0092,0.4347,0.4376,0.0211,0.6276,0.6261,0.0257,0.6989,0.7011,0.0125
field1_west,2025-09-18,324,1.00,0.7672,0.7691,0.0140,-0.6749,-0.6763,0.0149,0.3792,0.3833,0.0194,0.6732,0.6739,0.0271,0.5423,0.5470,0.0238
field1_northeast,2025-09-18,107,1.00,0.7354,0.7332,0.0128,-0.6421,-0.6417,0.0085,0.3683,0.3644,0.0128,0.6769,0.6781,0.0180,0.5377,0.5402,0.0100
field1_southeast,2025-09-18,46,1.00,0.7687,0.7681,0.0070,-0.6575,-0.6594,0.0082,0.3993,0.4044,0.0161,0.7041,0.7032,0.0196,0.5199,0.5236,0.0099
field1_west,2025-09-23,324,1.00,0.8284,0.8303,0.0155,-0.7213,-0.7219,0.0140,0.3828,0.3894,0.0255,0.6475,0.6487,0.0215,0.5951,0.5986,0.0247
field1_northeast,2025-09-23,107,1.00,0.8216,0.8219,0.0068,-0.7221,-0.7237,0.0107,0.3702,0.3707,0.0102,0.6502,0.6502,0.0120,0.6353,0.6459,0.0255
field1_southeast,2025-09-23,46,1.00,0.8234,0.8247,0.0090,-0.7064,-0.7063,0.0104,0.3850,0.3939,0.0172,0.6597,0.6621,0.0140,0.5765,0.5781,0.0115
field1_west,2025-09-28,324,1.00,0.8267,0.8341,0.0252,-0.7263,-0.7270,0.0165,0.3609,0.3680,0.0280,0.5859,0.5865,0.0316,0.5138,0.5212,0.0272
field1_northeast,2025-09-28,107,1.00,0.8461,0.8552,0.0251,-0.7562,-0.7628,0.0248,0.3770,0.3793,0.0111,0.6074,0.6140,0.0298,0.5954,0.6162,0.0488
field1_southeast,2025-09-28,46,1.00,0.8004,0.8009,0.0147,-0.7050,-0.7109,0.0174,0.3590,0.3658,0.0174,0.5483,0.5457,0.0140,0.4673,0.4646,0.0128
field1_west,2025-09-30,324,1.00,0.7829,0.7846,0.0282,-0.7005,-0.7030,0.0233,0.3414,0.3488,0.0268,0.5388,0.5394,0.0355,0.5241,0.5306,0.0259
field1_northeast,2025-09-30,107,1.00,0.8020,0.8064,0.0232,-0.7224,-0.7244,0.0190,0.3679,0.3705,0.0137,0.5866,0.5955,0.0357,0.6058,0.6212,0.0386
field1_southeast,2025-09-30,46,1.00,0.7766,0.7763,0.0139,-0.7043,-0.7049,0.0150,0.3403,0.3430,0.0123,0.5084,0.5076,0.0147,0.4912,0.4907,0.0145
field1_west,2025-10-03,324,1.00,0.4690,0.4573,0.0530,-0.4004,-0.3843,0.0560,0.3374,0.3656,0.0662,0.3872,0.3630,0.0712,0.3397,0.3355,0.0479
field1_northeast,2025-10-03,107,1.00,0.5868,0.5947,0.0257,-0.5203,-0.5264,0.0213,0.3012,0.3081,0.0201,0.5507,0.5589,0.0337,0.4708,0.4859,0.0320
field1_southeast,2025-10-03,46,1.00,0.5180,0.5178,0.0113,-0.4583,-0.4578,0.0107,0.2547,0.2565,0.0083,0.4590,0.4552,0.0206,0.3726,0.3734,0.0075
field1_west,2025-10-08,324,1.00,0.6349,0.6309,0.0365,-0.5866,-0.5875,0.0169,0.2708,0.2737,0.0249,0.4739,0.4637,0.0433,0.3437,0.3423,0.0225
field1_northeast,2025-10-08,107,1.00,0.7196,0.7263,0.0382,-0.6432,-0.6498,0.0314,0.3313,0.3359,0.0196,0.6019,0.6091,0.0431,0.4744,0.4990,0.0581
field1_southeast,2025-10-08,46,1.00,0.6354,0.6385,0.0224,-0.5727,-0.5739,0.0169,0.2868,0.2872,0.0071,0.4909,0.4901,0.0180,0.3127,0.3119,0.0160
field1_west,2025-10-13,324,1.00,0.5840,0.5817,0.0302,-0.5975,-0.5981,0.0160,0.2008,0.2016,0.0256,0.4042,0.4006,0.0292,0.3355,0.3351,0.0217
field1_northeast,2025-10-13,107,1.00,0.7585,0.7837,0.0716,-0.6843,-0.6981,0.0438,0.3233,0.3313,0.0316,0.6174,0.6359,0.0727,0.5392,0.5725,0.0822
field1_southeast,2025-10-13,46,1.00,0.5750,0.5772,0.0239,-0.5799,-0.5812,0.0174,0.2304,0.2285,0.0075,0.4156,0.4137,0.0190,0.3071,0.3099,0.0166
field1_west,2025-10-18,324,1.00,0.4497,0.4523,0.0246,-0.5187,-0.5183,0.0176,0.1167,0.1154,0.0214,0.2972,0.2993,0.0200,0.2433,0.2408,0.0192
field1_northeast,2025-10-18,107,1.00,0.7066,0.7335,0.0833,-0.6562,-0.6709,0.0468,0.2864,0.3023,0.0463,0.5187,0.5396,0.0746,0.4606,0.4932,0.0763
field1_southeast,2025-10-18,46,1.00,0.4769,0.4777,0.0195,-0.5391,-0.5384,0.0181,0.1478,0.1443,0.0096,0.3099,0.3098,0.0131,0.2504,0.2494,0.0153
field1_west,2025-10-20,324,1.00,0.4228,0.4245,0.0269,-0.5131,-0.5139,0.0165,0.0885,0.0883,0.0225,0.2680,0.2710,0.0194,0.2485,0.2434,0.0229
field1_northeast,2025-10-20,107,1.00,0.7079,0.7375,0.0907,-0.6617,-0.6793,0.0492,0.2672,0.2783,0.0441,0.4939,0.5120,0.0726,0.5029,0.5341,0.0755
field1_southeast,2025-10-20,46,1.00,0.4478,0.4439,0.0192,-0.5245,-0.5225,0.0158,0.1219,0.1208,0.0101,0.2853,0.2827,0.0117,0.2621,0.2584,0.0148
field1_west,2025-10-23,324,1.00,0.2996,0.2986,0.0201,-0.4198,-0.4213,0.0158,-0.0807,-0.0845,0.0220,0.2257,0.2246,0.0164,0.1946,0.1925,0.0211
field1_northeast,2025-10-23,107,1.00,0.6028,0.6321,0.0853,-0.5612,-0.5756,0.0414,0.2210,0.2480,0.0732,0.4915,0.5162,0.0804,0.4403,0.4649,0.0678
field1_southeast,2025-10-23,46,1.00,0.3305,0.3321,0.0113,-0.4291,-0.4292,0.0092,-0.0490,-0.0498,0.0081,0.2403,0.2413,0.0103,0.2064,0.2054,0.0094
field1_west,2025-10-28,324,1.00,0.2339,0.2339,0.0151,-0.3648,-0.3657,0.0117,-0.1064,-0.1104,0.0209,0.1775,0.1776,0.0136,0.1660,0.1652,0.0160
field1_northeast,2025-10-28,107,1.00,0.5154,0.5486,0.0946,-0.4894,-0.5052,0.0480,0.1775,0.2100,0.0890,0.4254,0.4530,0.0855,0.3597,0.3784,0.0610
field1_southeast,2025-10-28,46,1.00,0.2411,0.2414,0.0083,-0.3559,-0.3574,0.0115,-0.0970,-0.1000,0.0136,0.1874,0.1885,0.0085,0.1687,0.1660,0.0105
field1_west,2025-11-02,324,1.00,0.2460,0.2556,0.0352,-0.3797,-0.3921,0.0389,0.0409,0.0364,0.0417,0.1502,0.1578,0.0294,0.1612,0.1640,0.0328
field1_northeast,2025-11-02,107,1.00,0.5925,0.6385,0.1054,-0.5642,-0.5825,0.0495,0.2205,0.2416,0.0616,0.4540,0.4930,0.0981,0.4268,0.4582,0.0760
field1_southeast,2025-11-02,46,1.00,0.2689,0.2651,0.0132,-0.4039,-0.4057,0.0131,0.1377,0.1390,0.0242,0.1586,0.1559,0.0102,0.1710,0.1735,0.0150
field1_west,2025-11-07,324,1.00,0.2436,0.2448,0.0211,-0.3928,-0.3963,0.0225,-0.1139,-0.1171,0.0280,0.1536,0.1575,0.0206,0.1595,0.1589,0.0227
field1_northeast,2025-11-07,107,1.00,0.6312,0.6965,0.1419,-0.5971,-0.6277,0.0747,0.1937,0.2284,0.1020,0.4619,0.5087,0.1131,0.4105,0.4462,0.0868
field1_southeast,2025-11-07,46,1.00,0.2462,0.2475,0.0102,-0.3946,-0.3947,0.0125,-0.0988,-0.1011,0.0185,0.1547,0.1535,0.0094,0.1651,0.1643,0.0166
field1_west,2025-11-09,324,1.00,0.2240,0.2272,0.0228,-0.3501,-0.3565,0.0239,-0.1099,-0.1103,0.0286,0.1490,0.1544,0.0235,0.1475,0.1465,0.0223
field1_northeast,2025-11-09,107,1.00,0.5509,0.5988,0.1167,-0.5261,-0.5537,0.0645,0.1814,0.2163,0.0945,0.4129,0.4480,0.0918,0.3850,0.4234,0.0806
field1_southeast,2025-11-09,46,1.00,0.2277,0.2277,0.0122,-0.3411,-0.3418,0.0121,-0.0870,-0.0904,0.0180,0.1589,0.1595,0.0112,0.1495,0.1503,0.0142
field1_west,2025-11-12,324,1.00,0.1893,0.1924,0.0313,-0.2731,-0.2807,0.0433,-0.0993,-0.1071,0.0265,0.1373,0.1434,0.0290,0.1219,0.1184,0.0239
field1_northeast,2025-11-12,107,1.00,0.4829,0.5301,0.1103,-0.4572,-0.4855,0.0720,0.1633,0.2002,0.0892,0.3938,0.4347,0.1060,0.3440,0.3732,0.0676
field1_southeast,2025-11-12,46,1.00,0.1569,0.1571,0.0097,-0.2250,-0.2239,0.0083,-0.0996,-0.1057,0.0203,0.0996,0.0998,0.0067,0.1064,0.1071,0.0154
field1_west,2025-11-17,324,1.00,0.1153,0.1150,0.0170,-0.2107,-0.2115,0.0173,-0.1307,-0.1353,0.0283,0.0731,0.0719,0.0128,0.0752,0.0715,0.0215
field1_northeast,2025-11-17,107,1.00,0.4732,0.5175,0.1092,-0.4502,-0.4755,0.0720,0.1664,0.2052,0.0891,0.3792,0.4144,0.0987,0.3042,0.3324,0.0636
field1_southeast,2025-11-17,46,1.00,0.1392,0.1383,0.0112,-0.2267,-0.2260,0.0150,-0.1014,-0.1039,0.0131,0.0882,0.0875,0.0078,0.1005,0.0963,0.0147
field1_west,2025-11-22,324,1.00,0.1146,0.1146,0.0238,-0.2257,-0.2252,0.0254,-0.1484,-0.1535,0.0256,0.0707,0.0714,0.0152,0.0618,0.0544,0.0253
field1_northeast,2025-11-22,107,1.00,0.4966,0.5420,0.1162,-0.5070,-0.5342,0.0795,0.1324,0.1705,0.0883,0.3455,0.3784,0.0882,0.3323,0.3563,0.0731
field1_southeast,2025-11-22,46,1.00,0.1561,0.1564,0.0156,-0.2619,-0.2626,0.0167,-0.1173,-0.1222,0.0217,0.0947,0.0940,0.0105,0.1017,0.0960,0.0201
field1_west,2025-11-27,324,1.00,0.1329,0.1314,0.0200,-0.2334,-0.2314,0.0176,-0.1462,-0.1539,0.0256,0.0795,0.0777,0.0135,0.0795,0.0769,0.0189
field1_northeast,2025-11-27,107,1.00,0.4940,0.5429,0.1178,-0.4913,-0.5191,0.0755,0.1282,0.1652,0.0845,0.3357,0.3690,0.0878,0.3066,0.3349,0.0622
field1_southeast,2025-11-27,46,1.00,0.1425,0.1427,0.0060,-0.2441,-0.2433,0.0101,-0.1324,-0.1321,0.0062,0.0821,0.0812,0.0039,0.0850,0.0842,0.0085
field1_west,2025-11-29,324,1.00,0.1431,0.1403,0.0204,-0.2483,-0.2477,0.0167,-0.1279,-0.1330,0.0266,0.0842,0.0821,0.0142,0.0873,0.0838,0.0198
field1_northeast,2025-11-29,107,1.00,0.4995,0.5525,0.1213,-0.4934,-0.5261,0.0774,0.1432,0.1727,0.0875,0.3394,0.3755,0.0887,0.3250,0.3607,0.0719
field1_southeast,2025-11-29,46,1.00,0.1435,0.1423,0.0106,-0.2471,-0.2480,0.0090,-0.1165,-0.1168,0.0067,0.0833,0.0829,0.0067,0.0809,0.0838,0.0050
field1_west,2025-12-02,324,1.00,0.1310,0.1292,0.0213,-0.1959,-0.1955,0.0183,-0.0986,-0.1059,0.0225,0.0953,0.0930,0.0174,0.0728,0.0706,0.0177
field1_northeast,2025-12-02,107,1.00,0.3930,0.4244,0.0803,-0.3903,-0.4122,0.0559,0.1279,0.1519,0.0675,0.3147,0.3425,0.0686,0.2615,0.2762,0.0491
field1_southeast,2025-12-02,46,1.00,0.1321,0.1322,0.0108,-0.1947,-0.1941,0.0115,-0.0848,-0.0864,0.0088,0.0959,0.0958,0.0092,0.0660,0.0671,0.0070
field1_west,2025-12-07,324,1.00,0.1699,0.1610,0.0306,-0.2785,-0.2757,0.0206,-0.1215,-0.1312,0.0311,0.0966,0.0904,0.0202,0.1077,0.1037,0.0201
field1_northeast,2025-12-07,107,1.00,0.4905,0.5279,0.1106,-0.5120,-0.5342,0.0826,0.1252,0.1544,0.0708,0.3095,0.3345,0.0706,0.2872,0.3078,0.0599
field1_southeast,2025-12-07,46,1.00,0.1768,0.1792,0.0251,-0.2776,-0.2778,0.0198,-0.0873,-0.0848,0.0146,0.1024,0.1037,0.0153,0.1050,0.1068,0.0133
field1_west,2026-01-06,324,1.00,0.4523,0.4551,0.0265,-0.3864,-0.3879,0.0216,0.2464,0.2494,0.0285,0.4163,0.4173,0.0304,0.2738,0.2757,0.0200
field1_northeast,2026-01-06,107,1.00,0.3588,0.3507,0.0247,-0.3239,-0.3204,0.0188,0.1505,0.1414,0.0285,0.3339,0.3229,0.0357,0.2146,0.2103,0.0128
field1_southeast,2026-01-06,46,1.00,0.4144,0.4138,0.0191,-0.3671,-0.3681,0.0171,0.2100,0.2126,0.0123,0.4294,0.4292,0.0201,0.2401,0.2416,0.0075
field1_west,2026-01-21,324,1.00,0.7860,0.7939,0.0431,-0.6657,-0.6695,0.0352,0.3644,0.3671,0.0438,0.5751,0.5792,0.0490,0.5470,0.5523,0.0484
field1_northeast,2026-01-21,107,1.00,0.4525,0.4282,0.0710,-0.4350,-0.4206,0.0452,0.0951,0.0741,0.0713,0.2900,0.2637,0.0679,0.2826,0.2708,0.0426
field1_southeast,2026-01-21,46,1.00,0.5837,0.5820,0.0224,-0.5556,-0.5558,0.0204,0.2281,0.2312,0.0223,0.4204,0.4212,0.0228,0.3662,0.3652,0.0109
field1_west,2026-02-05,324,1.00,0.8305,0.8372,0.0354,-0.7246,-0.7277,0.0327,0.4219,0.4302,0.0515,0.6530,0.6543,0.0623,0.5590,0.5651,0.0512
field1_northeast,2026-02-05,107,1.00,0.2896,0.2180,0.1496,-0.3866,-0.3513,0.0813,-0.0519,-0.1164,0.1314,0.1982,0.1432,0.1206,0.1867,0.1504,0.0736
field1_southeast,2026-02-05,46,1.00,0.6127,0.6071,0.0265,-0.5833,-0.5826,0.0187,0.2603,0.2524,0.0200,0.4573,0.4555,0.0225,0.3543,0.3509,0.0134
field1_west,2026-02-10,324,1.00,0.6384,0.6416,0.0357,-0.5618,-0.5658,0.0356,0.3767,0.3858,0.0436,0.6069,0.6081,0.0564,0.4930,0.5006,0.0463
field1_northeast,2026-02-10,107,1.00,0.2921,0.2564,0.0846,-0.3278,-0.3113,0.0485,-0.0149,-0.0696,0.1085,0.2558,0.2190,0.0886,0.2035,0.1787,0.0531
field1_southeast,2026-02-10,46,1.00,0.2455,0.2439,0.0157,-0.2805,-0.2785,0.0133,-0.0089,-0.0141,0.0320,0.1949,0.1932,0.0155,0.1725,0.1706,0.0207
field1_west,2026-02-15,324,1.00,0.8508,0.8587,0.0339,-0.7657,-0.7700,0.0291,0.4283,0.4398,0.0557,0.6562,0.6568,0.0683,0.6049,0.6142,0.0550
field1_northeast,2026-02-15,107,1.00,0.2567,0.1873,0.1550,-0.3617,-0.3233,0.0895,-0.0642,-0.1295,0.1254,0.1757,0.1276,0.1118,0.1630,0.1259,0.0754
field1_southeast,2026-02-15,46,1.00,0.1544,0.1503,0.0270,-0.2701,-0.2665,0.0183,-0.0895,-0.0901,0.0442,0.0917,0.0888,0.0180,0.1162,0.1084,0.0274
field1_west,2026-02-20,324,1.00,0.5399,0.5411,0.0412,-0.4706,-0.4713,0.0345,0.4210,0.4356,0.0514,0.6330,0.6351,0.0588,0.4399,0.4440,0.0433
field1_northeast,2026-02-20,107,1.00,0.2368,0.2130,0.0626,-0.2560,-0.2457,0.0361,-0.0113,-0.0660,0.1004,0.2296,0.2009,0.0710,0.1707,0.1531,0.0408
field1_southeast,2026-02-20,46,1.00,0.1978,0.1945,0.0167,-0.2030,-0.1982,0.0148,0.0276,0.0228,0.0290,0.1855,0.1796,0.0202,0.1420,0.1359,0.0173
field1_west,2026-02-25,324,1.00,0.7666,0.7713,0.0304,-0.6926,-0.6974,0.0258,0.4425,0.4580,0.0587,0.6381,0.6376,0.0479,0.5698,0.5802,0.0462
field1_northeast,2026-02-25,107,1.00,0.2884,0.2452,0.1015,-0.3594,-0.3362,0.0568,-0.0459,-0.0976,0.0982,0.2083,0.1766,0.0770,0.1889,0.1692,0.0472
field1_southeast,2026-02-25,46,1.00,0.1955,0.1910,0.0245,-0.2842,-0.2805,0.0170,-0.0657,-0.0712,0.0385,0.1258,0.1216,0.0189,0.1437,0.1347,0.0248
field1_west,2026-03-02,324,1.00,0.8246,0.8318,0.0290,-0.7559,-0.7611,0.0264,0.4740,0.4833,0.0531,0.6628,0.6670,0.0462,0.6542,0.6651,0.0493
field1_northeast,2026-03-02,107,1.00,0.3058,0.2739,0.0926,-0.3781,-0.3645,0.0513,-0.0364,-0.0780,0.0969,0.2051,0.1795,0.0673,0.2069,0.1920,0.0484
field1_southeast,2026-03-02,46,1.00,0.1781,0.1762,0.0239,-0.2757,-0.2731,0.0202,-0.0747,-0.0856,0.0373,0.0962,0.0937,0.0175,0.1259,0.1260,0.0274
field1_west,2026-03-07,324,1.00,0.8640,0.8738,0.0328,-0.7919,-0.7982,0.0285,0.4527,0.4642,0.0611,0.6069,0.6127,0.0454,0.6061,0.6163,0.0547
field1_northeast,2026-03-07,107,1.00,0.3502,0.3314,0.0748,-0.4192,-0.4107,0.0414,-0.0247,-0.0467,0.0744,0.2075,0.1938,0.0451,0.2079,0.2067,0.0231
field1_southeast,2026-03-07,46,1.00,0.1280,0.1293,0.0192,-0.2522,-0.2500,0.0186,-0.1004,-0.1169,0.0384,0.0698,0.0693,0.0134,0.0914,0.0773,0.0274
field1_west,2026-03-22,324,1.00,0.7413,0.7515,0.0409,-0.6680,-0.6730,0.0331,0.3380,0.3459,0.0546,0.4833,0.4749,0.0585,0.5080,0.5186,0.0485
field1_northeast,2026-03-22,107,1.00,0.3257,0.3214,0.0395,-0.3566,-0.3574,0.0267,0.0110,0.0085,0.0246,0.2392,0.2399,0.0247,0.2167,0.2160,0.0209
field1_southeast,2026-03-22,46,1.00,0.2700,0.3017,0.0914,-0.3017,-0.3249,0.0609,-0.0153,-0.0191,0.0255,0.2061,0.2356,0.0724,0.1628,0.1635,0.0428
field1_west,2026-03-27,324,1.00,0.6086,0.6152,0.0581,-0.5927,-0.5955,0.0382,0.2494,0.2547,0.0554,0.3540,0.3500,0.0599,0.3615,0.3657,0.0458
field1_northeast,2026-03-27,107,1.00,0.3394,0.3345,0.0467,-0.3677,-0.3660,0.0298,0.0316,0.0332,0.0196,0.2498,0.2516,0.0397,0.2146,0.2144,0.0283
field1_southeast,2026-03-27,46,1.00,0.3708,0.4208,0.1290,-0.3739,-0.4081,0.0899,0.0487,0.0584,0.0403,0.2835,0.3145,0.0977,0.2175,0.2381,0.0553
field1_west,2026-04-06,324,1.00,0.2644,0.2602,0.0355,-0.3712,-0.3693,0.0196,0.0531,0.0547,0.0212,0.1803,0.1780,0.0270,0.1485,0.1496,0.0152
field1_northeast,2026-04-06,107,1.00,0.4243,0.4387,0.0601,-0.4232,-0.4266,0.0333,0.0757,0.0802,0.0329,0.3173,0.3311,0.0548,0.2563,0.2585,0.0367
field1_southeast,2026-04-06,46,1.00,0.2665,0.2881,0.0903,-0.3116,-0.3271,0.0647,0.0149,0.0228,0.0207,0.1882,0.2013,0.0612,0.1379,0.1487,0.0316
field1_west,2026-04-08,324,1.00,0.2362,0.2333,0.0290,-0.3519,-0.3509,0.0175,0.0463,0.0494,0.0174,0.1583,0.1565,0.0215,0.1423,0.1416,0.0154
field1_northeast,2026-04-08,107,1.00,0.4690,0.4782,0.0649,-0.4468,-0.4499,0.0332,0.1227,0.1250,0.0325,0.3107,0.3237,0.0561,0.2971,0.2962,0.0400
field1_southeast,2026-04-08,46,1.00,0.2837,0.2904,0.0716,-0.3241,-0.3376,0.0486,0.0307,0.0338,0.0191,0.1796,0.1809,0.0477,0.1629,0.1678,0.0316
field1_west,2026-04-11,324,1.00,0.2114,0.2100,0.0186,-0.3344,-0.3349,0.0133,-0.0240,-0.0247,0.0118,0.1449,0.1441,0.0135,0.1418,0.1423,0.0125
field1_northeast,2026-04-11,107,1.00,0.3597,0.3627,0.0518,-0.3682,-0.3696,0.0298,0.0484,0.0531,0.0299,0.2963,0.3026,0.0439,0.2297,0.2266,0.0348
field1_southeast,2026-04-11,46,1.00,0.2434,0.2510,0.0569,-0.2906,-0.2966,0.0435,-0.0268,-0.0291,0.0150,0.1942,0.1999,0.0410,0.1474,0.1557,0.0260
field1_west,2026-04-16,324,1.00,0.1793,0.1770,0.0134,-0.2959,-0.2953,0.0102,-0.0798,-0.0801,0.0105,0.1234,0.1218,0.0102,0.1352,0.1344,0.0084
field1_northeast,2026-04-16,107,1.00,0.2827,0.2868,0.0463,-0.3221,-0.3235,0.0300,0.0103,0.0167,0.0264,0.2368,0.2442,0.0430,0.1820,0.1824,0.0229
field1_southeast,2026-04-16,46,1.00,0.2670,0.2778,0.0419,-0.2984,-0.3068,0.0304,-0.0393,-0.0409,0.0102,0.1944,0.1941,0.0183,0.1526,0.1545,0.0194
field1_west,2026-04-21,324,1.00,0.1857,0.1819,0.0182,-0.3423,-0.3417,0.0130,-0.1318,-0.1321,0.0157,0.1204,0.1178,0.0128,0.1362,0.1349,0.0143
field1_northeast,2026-04-21,107,1.00,0.3924,0.4159,0.0976,-0.4106,-0.4287,0.0672,0.0156,0.0206,0.0491,0.2535,0.2653,0.0599,0.2590,0.2770,0.0621
field1_southeast,2026-04-21,46,1.00,0.2736,0.2909,0.0662,-0.3220,-0.3385,0.0477,-0.0768,-0.0759,0.0132,0.2119,0.2267,0.0491,0.1647,0.1830,0.0341
field1_west,2026-04-26,324,1.00,0.1628,0.1610,0.0131,-0.3236,-0.3227,0.0108,-0.1008,-0.1010,0.0118,0.1246,0.1233,0.0098,0.1166,0.1144,0.0120
field1_northeast,2026-04-26,107,1.00,0.3817,0.3864,0.1118,-0.4054,-0.4089,0.0738,0.0056,0.0051,0.0483,0.2756,0.2866,0.0766,0.2469,0.2461,0.0621
field1_southeast,2026-04-26,46,1.00,0.2782,0.3005,0.0630,-0.3377,-0.3479,0.0461,-0.0788,-0.0850,0.0158,0.2045,0.2160,0.0440,0.1744,0.1933,0.0345
field1_west,2026-05-01,324,1.00,0.1537,0.1516,0.0145,-0.3117,-0.3106,0.0106,-0.0951,-0.0972,0.0128,0.1228,0.1214,0.0112,0.1114,0.1089,0.0155
field1_northeast,2026-05-01,107,1.00,0.4777,0.5088,0.1315,-0.4470,-0.4703,0.0806,0.1061,0.1125,0.0872,0.3334,0.3512,0.0930,0.3379,0.3516,0.0862
field1_southeast,2026-05-01,46,1.00,0.3846,0.4268,0.1096,-0.3831,-0.4106,0.0725,-0.0133,0.0008,0.0427,0.2531,0.2740,0.0678,0.2546,0.2939,0.0695
field1_west,2026-05-06,324,1.00,0.1366,0.1287,0.0302,-0.2816,-0.2701,0.0328,-0.0669,-0.0905,0.0533,0.0995,0.0981,0.0179,0.0988,0.0936,0.0269
field1_northeast,2026-05-06,107,1.00,0.5383,0.5934,0.1695,-0.4853,-0.5209,0.1088,0.1269,0.1368,0.0900,0.3836,0.4079,0.1209,0.3510,0.3621,0.0992
field1_southeast,2026-05-06,46,1.00,0.4684,0.5148,0.1299,-0.4448,-0.4787,0.0840,0.0458,0.0650,0.0598,0.3296,0.3499,0.0897,0.2948,0.3291,0.0779
field1_west,2026-05-16,324,1.00,0.1100,0.1039,0.0286,-0.2314,-0.2266,0.0315,-0.1381,-0.1336,0.0243,0.0783,0.0729,0.0198,0.0886,0.0848,0.0222
field1_northeast,2026-05-16,107,1.00,0.3594,0.3965,0.1052,-0.3731,-0.3956,0.0731,0.0617,0.0766,0.0585,0.2342,0.2553,0.0631,0.2373,0.2584,0.0618
field1_southeast,2026-05-16,46,1.00,0.3596,0.4142,0.1070,-0.3855,-0.4211,0.0723,-0.0133,0.0180,0.0440,0.2082,0.2372,0.0571,0.2372,0.2774,0.0648
field1_west,2026-05-18,324,1.00,0.1103,0.1062,0.0279,-0.2354,-0.2279,0.0297,-0.1301,-0.1264,0.0221,0.0795,0.0762,0.0199,0.0875,0.0832,0.0226
field1_northeast,2026-05-18,107,1.00,0.4295,0.4915,0.1361,-0.4264,-0.4613,0.0932,0.0590,0.0781,0.0588,0.2607,0.2884,0.0730,0.2903,0.3195,0.0849
field1_southeast,2026-05-18,46,1.00,0.3834,0.4305,0.1076,-0.4004,-0.4378,0.0790,0.0017,0.0216,0.0355,0.2416,0.2683,0.0583,0.2501,0.2931,0.0700
field1_west,2026-05-21,324,1.00,0.1184,0.1149,0.0219,-0.2260,-0.2219,0.0238,-0.1173,-0.1115,0.0211,0.0929,0.0905,0.0172,0.0892,0.0847,0.0182
field1_northeast,2026-05-21,107,1.00,0.3896,0.4352,0.1100,-0.3861,-0.4167,0.0737,0.0661,0.0859,0.0533,0.2979,0.3283,0.0792,0.2736,0.3001,0.0709
field1_southeast,2026-05-21,46,1.00,0.3165,0.3459,0.0731,-0.3438,-0.3617,0.0539,0.0129,0.0316,0.0313,0.2648,0.2895,0.0592,0.2266,0.2477,0.0507
field1_west,2026-05-26,324,1.00,0.1146,0.1091,0.0263,-0.2336,-0.2260,0.0280,-0.1207,-0.1205,0.0204,0.0885,0.0843,0.0204,0.0873,0.0830,0.0229
field1_northeast,2026-05-26,107,1.00,0.4273,0.4747,0.1228,-0.4258,-0.4618,0.0870,0.0869,0.1086,0.0598,0.3377,0.3732,0.0933,0.2849,0.3152,0.0741
field1_southeast,2026-05-26,46,1.00,0.4524,0.5039,0.1245,-0.4448,-0.4775,0.0854,0.0485,0.0903,0.0545,0.2860,0.3163,0.0743,0.2898,0.3269,0.0734
field1_west,2026-05-31,324,1.00,0.1007,0.0949,0.0283,-0.2364,-0.2312,0.0312,-0.1335,-0.1367,0.0204,0.0809,0.0765,0.0220,0.0876,0.0838,0.0292
field1_northeast,2026-05-31,107,1.00,0.6439,0.7222,0.1926,-0.5597,-0.6064,0.1210,0.2043,0.2335,0.1041,0.4521,0.5013,0.1315,0.4458,0.4948,0.1206
field1_southeast,2026-05-31,46,1.00,0.5893,0.6795,0.1867,-0.5453,-0.5945,0.1212,0.1029,0.1520,0.0773,0.4061,0.4763,0.1245,0.4170,0.4932,0.1197
field1_west,2026-06-05,324,1.00,0.1186,0.1129,0.0255,-0.2278,-0.2224,0.0238,-0.1043,-0.1089,0.0189,0.0983,0.0940,0.0204,0.0992,0.0956,0.0226
field1_northeast,2026-06-05,107,1.00,0.5000,0.5577,0.1453,-0.4664,-0.5023,0.0963,0.1433,0.1821,0.0767,0.3944,0.4414,0.1116,0.3367,0.3695,0.0872
field1_southeast,2026-06-05,46,1.00,0.4976,0.5493,0.1066,-0.4620,-0.4939,0.0685,0.1438,0.1924,0.0622,0.3720,0.4121,0.0813,0.3246,0.3678,0.0628
field1_west,2026-06-07,324,1.00,0.0902,0.0847,0.0289,-0.2128,-0.2046,0.0310,-0.1027,-0.1067,0.0178,0.0758,0.0725,0.0231,0.0732,0.0683,0.0279
field1_northeast,2026-06-07,107,1.00,0.6011,0.6902,0.2003,-0.5519,-0.6098,0.1378,0.1765,0.2161,0.0909,0.4302,0.4791,0.1380,0.4204,0.4796,0.1298
field1_southeast,2026-06-07,46,1.00,0.6616,0.7325,0.1436,-0.6045,-0.6513,0.0981,0.1603,0.1965,0.0613,0.4331,0.4820,0.0913,0.4525,0.5065,0.0959
field1_west,2026-06-10,324,1.00,0.1071,0.1020,0.0247,-0.2133,-0.2068,0.0245,-0.1040,-0.1067,0.0166,0.0945,0.0898,0.0213,0.0790,0.0731,0.0258
field1_northeast,2026-06-10,107,1.00,0.5531,0.6203,0.1605,-0.5056,-0.5487,0.1079,0.1777,0.2087,0.0900,0.4372,0.4887,0.1217,0.4045,0.4528,0.1129
field1_southeast,2026-06-10,46,1.00,0.5479,0.5950,0.1107,-0.5129,-0.5471,0.0757,0.1463,0.1667,0.0520,0.4547,0.4882,0.0879,0.3980,0.4353,0.0748
field1_west,2026-06-27,324,1.00,0.0353,0.0332,0.0256,-0.1539,-0.1553,0.0289,-0.1038,-0.1038,0.0366,0.0273,0.0231,0.0198,0.0614,0.0668,0.0512
field1_northeast,2026-06-27,107,1.00,0.7531,0.8328,0.1961,-0.6723,-0.7322,0.1438,0.3047,0.3322,0.0585,0.5207,0.5921,0.1626,0.5431,0.6016,0.1369
field1_southeast,2026-06-27,46,1.00,0.6664,0.7845,0.1824,-0.6206,-0.7017,0.1442,0.2419,0.2746,0.0447,0.4512,0.5239,0.1316,0.4793,0.5734,0.1244
field1_west,2026-07-05,278,0.86,0.1095,0.1018,0.0282,-0.1195,-0.1221,0.0212,0.1576,0.1456,0.0973,0.1753,0.1467,0.0715,0.1358,0.1397,0.0209
field1_west,2026-07-10,324,1.00,0.1469,0.1437,0.0451,-0.1876,-0.1832,0.0343,0.1618,0.1988,0.0850,0.0924,0.0879,0.0258,0.0929,0.0851,0.0453
field1_northeast,2026-07-10,107,1.00,0.6206,0.6548,0.0951,-0.5641,-0.5957,0.0830,0.3120,0.3200,0.0271,0.4967,0.5380,0.1093,0.4882,0.5170,0.0826
field1_southeast,2026-07-10,46,1.00,0.6068,0.6429,0.0725,-0.5610,-0.5883,0.0657,0.2967,0.2947,0.0174,0.4477,0.4886,0.0823,0.4653,0.4989,0.0673
field1_west,2026-07-15,324,1.00,0.1832,0.1887,0.0592,-0.2459,-0.2564,0.0482,0.1208,0.1406,0.0527,0.1045,0.1052,0.0286,0.1183,0.1143,0.0388
field1_northeast,2026-07-15,107,1.00,0.6123,0.6353,0.0681,-0.5785,-0.6012,0.0593,0.2858,0.2996,0.0330,0.4589,0.4895,0.0837,0.4417,0.4642,0.0631
field1_southeast,2026-07-15,46,1.00,0.6088,0.6316,0.0484,-0.5891,-0.5993,0.0404,0.2755,0.2833,0.0228,0.4214,0.4498,0.0580,0.4368,0.4667,0.0501
field1_west,2026-08-04,324,1.00,0.3261,0.3311,0.0795,-0.2542,-0.2574,0.0614,0.2707,0.2796,0.0528,0.3472,0.3514,0.0924,0.2352,0.2394,0.0579
field1_northeast,2026-08-04,107,1.00,0.5217,0.5237,0.0165,-0.4342,-0.4359,0.0167,0.3171,0.3220,0.0152,0.6362,0.6417,0.0303,0.4229,0.4258,0.0160
field1_southeast,2026-08-04,46,1.00,0.5194,0.5241,0.0179,-0.4312,-0.4353,0.0185,0.3215,0.3251,0.0147,0.6216,0.6363,0.0341,0.4244,0.4297,0.0193
field1_west,2026-08-16,324,1.00,0.7056,0.7355,0.1104,-0.6074,-0.6268,0.0955,0.3428,0.3498,0.0425,0.3913,0.4033,0.0901,0.4505,0.4695,0.0917
field1_northeast,2026-08-16,107,1.00,0.8140,0.8139,0.0215,-0.7064,-0.7036,0.0182,0.4024,0.4042,0.0117,0.6151,0.6198,0.0295,0.6178,0.6193,0.0116
field1_southeast,2026-08-16,46,1.00,0.8281,0.8328,0.0138,-0.7306,-0.7332,0.0114,0.3989,0.4060,0.0159,0.6026,0.6376,0.0576,0.6310,0.6306,0.0198
field1_west,2026-08-24,324,1.00,0.6686,0.6799,0.0466,-0.5945,-0.6075,0.0452,0.2436,0.2443,0.0543,0.4613,0.4669,0.0483,0.4745,0.4866,0.0493
field1_northeast,2026-08-24,107,1.00,0.7183,0.7174,0.0152,-0.6267,-0.6251,0.0147,0.3480,0.3496,0.0157,0.6019,0.6088,0.0271,0.5371,0.5399,0.0104
field1_southeast,2026-08-24,46,1.00,0.7250,0.7325,0.0160,-0.6381,-0.6421,0.0111,0.3443,0.3553,0.0220,0.5981,0.6294,0.0580,0.5492,0.5498,0.0136
field1_west,2026-09-03,324,1.00,0.7574,0.7647,0.0305,-0.6921,-0.6939,0.0311,0.3083,0.3234,0.0627,0.5101,0.5557,0.1156,0.5224,0.5254,0.0324
field1_northeast,2026-09-03,91,0.85,0.7357,0.7311,0.0137,-0.6467,-0.6473,0.0134,0.3833,0.3857,0.0149,0.6794,0.6806,0.0263,0.5510,0.5585,0.0155
field1_southeast,2026-09-03,40,0.87,0.7480,0.7538,0.0153,-0.6622,-0.6632,0.0102,0.3741,0.3768,0.0148,0.6625,0.6732,0.0667,0.5598,0.5643,0.0162
field1_west,2026-09-05,324,1.00,0.5110,0.5195,0.0445,-0.4468,-0.4561,0.0358,0.2931,0.2965,0.0327,0.4441,0.4505,0.0507,0.4031,0.4127,0.0319
field1_northeast,2026-09-05,107,1.00,0.5800,0.5818,0.0133,-0.5046,-0.5057,0.0131,0.3235,0.3259,0.0086,0.5483,0.5494,0.0183,0.4679,0.4700,0.0121
field1_southeast,2026-09-05,46,1.00,0.5470,0.5497,0.0254,-0.4713,-0.4742,0.0170,0.3058,0.3047,0.0059,0.5297,0.5397,0.0593,0.4472,0.4512,0.0174
field1_west,2026-09-08,324,1.00,0.8275,0.8303,0.0196,-0.7306,-0.7312,0.0195,0.3559,0.3644,0.0297,0.5995,0.6032,0.0421,0.6046,0.6060,0.0256
field1_northeast,2026-09-08,107,1.00,0.8031,0.8003,0.0184,-0.7068,-0.7066,0.0111,0.3682,0.3665,0.0161,0.6642,0.6604,0.0243,0.6176,0.6186,0.0087
field1_southeast,2026-09-08,46,1.00,0.7995,0.7955,0.0225,-0.7067,-0.7023,0.0224,0.3477,0.3460,0.0073,0.6604,0.6583,0.0542,0.6059,0.6011,0.0164
field1_west,2026-09-18,324,1.00,0.8051,0.8056,0.0276,-0.7027,-0.6967,0.0318,0.3816,0.3848,0.0180,0.6203,0.6193,0.0329,0.5631,0.5582,0.0374
field1_northeast,2026-09-18,107,1.00,0.7856,0.7841,0.0116,-0.6947,-0.6941,0.0096,0.3613,0.3588,0.0136,0.6381,0.6370,0.0251,0.5934,0.6001,0.0175
field1_southeast,2026-09-18,46,1.00,0.7725,0.7724,0.0309,-0.6837,-0.6817,0.0219,0.3408,0.3426,0.0163,0.6461,0.6463,0.0305,0.5732,0.5740,0.0167
field1_west,2026-09-23,324,1.00,0.7131,0.7119,0.0297,-0.6279,-0.6261,0.0246,0.3502,0.3527,0.0200,0.5440,0.5446,0.0307,0.4566,0.4514,0.0330
field1_northeast,2026-09-23,107,1.00,0.7437,0.7445,0.0115,-0.6560,-0.6568,0.0125,0.3455,0.3459,0.0078,0.5912,0.5935,0.0190,0.5232,0.5328,0.0231
field1_southeast,2026-09-23,46,1.00,0.7459,0.7489,0.0189,-0.6644,-0.6629,0.0147,0.3249,0.3276,0.0122,0.5938,0.5928,0.0263,0.5177,0.5203,0.0180
