date,NDVI_mean,NDVI_std,NDWI_mean,NDWI_std,NDMI_mean,NDMI_std,EVI_mean,EVI_std,NDRE_mean,NDRE_std,clear_fraction,scene_cloud_pct
2025-09-10,0.6419,0.2940,-0.5854,0.2344,0.2718,0.1464,0.4205,0.2037,0.4640,0.2384,1.00,10.8
2025-09-18,0.5242,0.2715,-0.4990,0.2010,0.2096,0.1650,0.4501,0.2437,0.3761,0.1829,1.00,5.9
2025-09-23,0.5634,0.2825,-0.5414,0.1994,0.1920,0.1820,0.4293,0.2238,0.4132,0.2006,1.00,0.0
2025-09-28,0.5777,0.2792,-0.5640,0.1925,0.1863,0.1762,0.4013,0.2042,0.3800,0.1670,1.00,0.5
2025-09-30,0.5709,0.2440,-0.5593,0.1667,0.1859,0.1633,0.3953,0.1786,0.3991,0.1603,1.00,4.2
2025-10-03,0.3961,0.1168,-0.3542,0.0863,0.2262,0.1434,0.3365,0.1147,0.2958,0.0891,1.00,8.6
2025-10-08,0.5471,0.1880,-0.5221,0.1258,0.2009,0.1202,0.4038,0.1642,0.3182,0.1079,1.00,1.2
2025-10-13,0.5483,0.1895,-0.5516,0.1307,0.1574,0.1276,0.3873,0.1483,0.3382,0.1270,1.00,0.0
2025-10-18,0.4765,0.1764,-0.5122,0.1240,0.1102,0.1085,0.3221,0.1224,0.2802,0.1123,1.00,0.0
2025-10-20,0.4655,0.1751,-0.5111,0.1205,0.0983,0.1073,0.3095,0.1239,0.2965,0.1256,1.00,0.0
2025-10-23,0.3965,0.1530,-0.4487,0.0989,0.0290,0.1157,0.2946,0.1265,0.2673,0.1172,1.00,0.0
2025-10-28,0.3296,0.1421,-0.3874,0.0884,0.0110,0.1175,0.2607,0.1339,0.2233,0.0999,1.00,0.0
2025-11-02,0.3633,0.1776,-0.4323,0.1117,0.0407,0.1302,0.2607,0.1538,0.2469,0.1357,1.00,0.0
2025-11-07,0.3613,0.2172,-0.4380,0.1422,-0.0043,0.1402,0.2467,0.1727,0.2300,0.1417,1.00,0.8
2025-11-09,0.3164,0.1820,-0.3799,0.1178,-0.0011,0.1348,0.2341,0.1599,0.2110,0.1323,1.00,0.0
2025-11-12,0.2857,0.1624,-0.3270,0.1113,0.0125,0.1333,0.2302,0.1563,0.1899,0.1222,1.00,0.0
2025-11-17,0.2606,0.1806,-0.3246,0.1277,-0.0283,0.1288,0.1858,0.1492,0.1624,0.1174,1.00,0.7
2025-11-22,0.2443,0.1691,-0.3268,0.1204,-0.0537,0.1205,0.1655,0.1319,0.1480,0.1176,1.00,0.0
2025-11-27,0.2229,0.1369,-0.3044,0.0993,-0.0716,0.1000,0.1439,0.1027,0.1303,0.0846,1.00,0.0
2025-11-29,0.2319,0.1430,-0.3169,0.1009,-0.0587,0.0997,0.1475,0.1056,0.1380,0.0940,1.00,0.0
2025-12-02,0.1873,0.1030,-0.2408,0.0744,-0.0356,0.1013,0.1403,0.0912,0.1075,0.0734,1.00,0.0
2025-12-07,0.2413,0.1606,-0.3257,0.1107,-0.0525,0.1040,0.1457,0.1077,0.1387,0.0877,1.00,0.0
2026-01-06,0.3888,0.0803,-0.3417,0.0558,0.1804,0.0825,0.3686,0.0861,0.2302,0.0511,1.00,41.0
2026-01-21,0.6216,0.1855,-0.5478,0.1207,0.2313,0.1372,0.4340,0.1500,0.4051,0.1326,1.00,0.0
2026-02-05,0.6717,0.2092,-0.6042,0.1380,0.2889,0.1593,0.4900,0.1740,0.4223,0.1364,1.00,0.1
2026-02-10,0.5378,0.1426,-0.4845,0.0964,0.2688,0.1404,0.5017,0.1542,0.3966,0.1131,1.00,20.9
2026-02-15,0.6849,0.2511,-0.6365,0.1736,0.2992,0.1814,0.5087,0.2038,0.4603,0.1707,1.00,0.0
2026-02-20,0.4625,0.1208,-0.4075,0.0855,0.3155,0.1531,0.5239,0.1573,0.3605,0.1033,1.00,0.0
2026-02-25,0.6379,0.2045,-0.5888,0.1404,0.3112,0.1768,0.5168,0.1850,0.4455,0.1472,1.00,0.0
2026-03-02,0.6790,0.2288,-0.6325,0.1621,0.3192,0.1862,0.5300,0.1993,0.5074,0.1813,1.00,0.0
2026-03-07,0.7050,0.2584,-0.6626,0.1859,0.3100,0.1854,0.4901,0.1962,0.4692,0.1747,1.00,3.9
2026-03-22,0.6115,0.2172,-0.5698,0.1559,0.2296,0.1380,0.4087,0.1537,0.4104,0.1499,1.00,26.2
2026-03-27,0.5283,0.2012,-0.5290,0.1435,0.1717,0.1153,0.3205,0.1386,0.3127,0.1132,1.00,1.1
2026-04-06,0.3198,0.1531,-0.3884,0.0969,0.0612,0.0805,0.2234,0.1296,0.1820,0.0850,1.00,1.4
2026-04-08,0.3117,0.1526,-0.3827,0.0943,0.0692,0.0807,0.2091,0.1278,0.1910,0.0963,1.00,3.6
2026-04-11,0.2725,0.1249,-0.3562,0.0824,0.0083,0.0700,0.1971,0.1085,0.1787,0.0794,1.00,4.2
2026-04-16,0.2378,0.1087,-0.3177,0.0701,-0.0315,0.0708,0.1786,0.1018,0.1627,0.0606,1.00,40.3
2026-04-21,0.2584,0.1358,-0.3610,0.0868,-0.0714,0.0848,0.1818,0.1114,0.1760,0.0886,1.00,23.1
2026-04-26,0.2407,0.1380,-0.3499,0.0881,-0.0640,0.0706,0.1774,0.1040,0.1587,0.0803,1.00,0.0
2026-05-01,0.2493,0.1515,-0.3444,0.0914,-0.0490,0.0792,0.1925,0.1199,0.1717,0.1015,1.00,0.0
2026-05-06,0.2448,0.1701,-0.3298,0.1073,-0.0329,0.0924,0.1840,0.1321,0.1578,0.0998,1.00,0.3
2026-05-16,0.1975,0.1318,-0.2870,0.0916,-0.0732,0.0773,0.1426,0.0910,0.1333,0.0751,1.00,0.0
2026-05-18,0.2005,0.1346,-0.2919,0.0935,-0.0702,0.0715,0.1457,0.0906,0.1381,0.0832,1.00,0.0
2026-05-21,0.1892,0.1056,-0.2711,0.0731,-0.0656,0.0633,0.1527,0.0851,0.1325,0.0705,1.00,3.0
2026-05-26,0.2004,0.1294,-0.2897,0.0904,-0.0686,0.0712,0.1545,0.0964,0.1324,0.0763,1.00,0.0
2026-05-31,0.2159,0.1812,-0.3075,0.1210,-0.0630,0.0958,0.1663,0.1306,0.1558,0.1158,1.00,5.4
2026-06-05,0.2022,0.1245,-0.2831,0.0838,-0.0535,0.0722,0.1620,0.0963,0.1433,0.0731,1.00,0.0
2026-06-07,0.2024,0.1694,-0.2954,0.1211,-0.0486,0.0805,0.1549,0.1149,0.1411,0.1096,1.00,0.0
2026-06-10,0.2017,0.1370,-0.2814,0.0965,-0.0504,0.0754,0.1696,0.1087,0.1419,0.0956,1.00,0.0
2026-06-27,0.2408,0.2585,-0.3090,0.1929,0.0025,0.1256,0.1829,0.1919,0.1958,0.1707,1.00,0.8
2026-07-10,0.2668,0.1859,-0.3029,0.1438,0.0966,0.1166,0.2213,0.1636,0.2208,0.1383,1.00,1.3
2026-07-15,0.2548,0.1818,-0.3011,0.1432,0.1013,0.0905,0.1963,0.1455,0.1980,0.1157,1.00,20.1
2026-08-04,0.2708,0.1232,-0.2262,0.0972,0.2012,0.1420,0.2958,0.1530,0.2053,0.0946,0.96,48.9
2026-08-16,0.5364,0.2358,-0.4822,0.1730,0.2386,0.1275,0.3271,0.1622,0.3413,0.1644,1.00,4.2
2026-08-24,0.5133,0.2012,-0.4755,0.1407,0.1724,0.1232,0.3872,0.1535,0.3514,0.1365,1.00,18.4
2026-09-05,0.4334,0.1153,-0.3915,0.0807,0.2194,0.0867,0.3875,0.1178,0.3442,0.0827,1.00,10.4
2026-09-08,0.6577,0.2357,-0.6028,0.1756,0.2405,0.1335,0.4953,0.1733,0.4771,0.1711,1.00,0.0
2026-09-18,0.6959,0.1886,-0.6239,0.1379,0.2884,0.1153,0.5326,0.1510,0.4936,0.1372,1.00,3.3
2026-09-23,0.6606,0.1632,-0.5943,0.1127,0.2776,0.1158,0.5108,0.1288,0.4338,0.1065,1.00,3.4
