date,ndvi_mean,ndvi_std,clear_fraction,scene_cloud_pct
2025-09-10,0.6419,0.2940,1.00,10.8
2025-09-18,0.5242,0.2715,1.00,5.9
2025-09-23,0.5634,0.2825,1.00,0.0
2025-09-28,0.5777,0.2792,1.00,0.5
2025-09-30,0.5709,0.2440,1.00,4.2
2025-10-03,0.3961,0.1168,1.00,8.6
2025-10-08,0.5471,0.1880,1.00,1.2
2025-10-13,0.5483,0.1895,1.00,0.0
2025-10-18,0.4765,0.1764,1.00,0.0
2025-10-20,0.4655,0.1751,1.00,0.0
2025-10-23,0.3965,0.1530,1.00,0.0
2025-10-28,0.3296,0.1421,1.00,0.0
2025-11-02,0.3633,0.1776,1.00,0.0
2025-11-07,0.3613,0.2172,1.00,0.8
2025-11-09,0.3164,0.1820,1.00,0.0
2025-11-12,0.2857,0.1624,1.00,0.0
2025-11-17,0.2606,0.1806,1.00,0.7
2025-11-22,0.2443,0.1691,1.00,0.0
2025-11-27,0.2229,0.1369,1.00,0.0
2025-11-29,0.2319,0.1430,1.00,0.0
2025-12-02,0.1873,0.1030,1.00,0.0
2025-12-07,0.2413,0.1606,1.00,0.0
2026-01-06,0.3888,0.0803,1.00,41.0
2026-01-21,0.6216,0.1855,1.00,0.0
2026-02-05,0.6717,0.2092,1.00,0.1
2026-02-10,0.5378,0.1426,1.00,20.9
2026-02-15,0.6849,0.2511,1.00,0.0
2026-02-20,0.4625,0.1208,1.00,0.0
2026-02-25,0.6379,0.2045,1.00,0.0
2026-03-02,0.6790,0.2288,1.00,0.0
2026-03-07,0.7050,0.2584,1.00,3.9
2026-03-22,0.6115,0.2172,1.00,26.2
2026-03-27,0.5283,0.2012,1.00,1.1
2026-04-06,0.3198,0.1531,1.00,1.4
2026-04-08,0.3117,0.1526,1.00,3.6
2026-04-11,0.2725,0.1249,1.00,4.2
2026-04-16,0.2378,0.1087,1.00,40.3
2026-04-21,0.2584,0.1358,1.00,23.1
2026-04-26,0.2407,0.1380,1.00,0.0
2026-05-01,0.2493,0.1515,1.00,0.0
2026-05-06,0.2448,0.1701,1.00,0.3
2026-05-16,0.1975,0.1318,1.00,0.0
2026-05-18,0.2005,0.1346,1.00,0.0
2026-05-21,0.1892,0.1056,1.00,3.0
2026-05-26,0.2004,0.1294,1.00,0.0
2026-05-31,0.2159,0.1812,1.00,5.4
2026-06-05,0.2022,0.1245,1.00,0.0
2026-06-07,0.2024,0.1694,1.00,0.0
2026-06-10,0.2017,0.1370,1.00,0.0
2026-06-27,0.2408,0.2585,1.00,0.8
2026-07-10,0.2668,0.1859,1.00,1.3
2026-07-15,0.2548,0.1818,1.00,20.1
2026-08-04,0.2708,0.1232,0.96,48.9
2026-08-16,0.5364,0.2358,1.00,4.2
2026-08-24,0.5133,0.2012,1.00,18.4
2026-09-05,0.4334,0.1153,1.00,10.4
2026-09-08,0.6577,0.2357,1.00,0.0
2026-09-18,0.6959,0.1886,1.00,3.3
