field,season,peak_date,peak,start,end,length_days,ndvi_days,note
field1_west,kharif_2025,2025-09-11,0.889,,2025-10-16,,,peak next to a gap or the data edge; start not observed
field1_west,rabi_2026,2026-03-05,0.857,2026-01-06,2026-03-31,84.0,62.2,
field1_west,kharif_2026,2026-09-11,0.823,,,,,start not observed; end not observed
field1_northeast,kharif_2025,2025-09-26,0.842,,2025-12-08,,,start not observed
field1_northeast,rabi_2026,,,,,,,same crop as kharif_2025 (no clear drop between the peaks)
field1_northeast,kharif_2026,2026-06-28,0.819,2026-05-25,,,,end not observed
field1_southeast,kharif_2025,2025-09-11,0.892,,2025-10-16,,,peak next to a gap or the data edge; start not observed
field1_southeast,rabi_2026,2026-02-03,0.604,2025-12-31,2026-02-10,40.0,18.7,
field1_southeast,kharif_2026,2026-08-17,0.82,,,,,peak next to a gap or the data edge; start not observed; end not observed
