field,date,index,interpolated,smoothed
field1_west,2025-09-01,NDVI,,
field1_west,2025-09-06,NDVI,,
field1_west,2025-09-11,NDVI,0.8894,0.8894
field1_west,2025-09-16,NDVI,0.8035,0.8035
field1_west,2025-09-21,NDVI,0.8058,0.8058
field1_west,2025-09-26,NDVI,0.8326,0.8326
field1_west,2025-10-01,NDVI,0.7654,0.7654
field1_west,2025-10-06,NDVI,0.6693,0.6693
field1_west,2025-10-11,NDVI,0.6014,0.6014
field1_west,2025-10-16,NDVI,0.5041,0.5041
field1_west,2025-10-21,NDVI,0.3825,0.3825
field1_west,2025-10-26,NDVI,0.2598,0.2598
field1_west,2025-10-31,NDVI,0.2469,0.2469
field1_west,2025-11-05,NDVI,0.2491,0.2491
field1_west,2025-11-10,NDVI,0.2156,0.2156
field1_west,2025-11-15,NDVI,0.146,0.146
field1_west,2025-11-20,NDVI,0.1148,0.1148
field1_west,2025-11-25,NDVI,0.1247,0.1247
field1_west,2025-11-30,NDVI,0.1366,0.1366
field1_west,2025-12-05,NDVI,0.1483,0.1483
field1_west,2025-12-10,NDVI,0.1904,0.1904
field1_west,2025-12-15,NDVI,0.2394,0.2394
field1_west,2025-12-20,NDVI,0.2884,0.2884
field1_west,2025-12-25,NDVI,0.3375,0.3375
field1_west,2025-12-30,NDVI,0.3865,0.3865
field1_west,2026-01-04,NDVI,0.4355,0.4355
field1_west,2026-01-09,NDVI,0.5229,0.5229
field1_west,2026-01-14,NDVI,0.6358,0.6358
field1_west,2026-01-19,NDVI,0.7487,0.7487
field1_west,2026-01-24,NDVI,0.8026,0.8026
field1_west,2026-01-29,NDVI,0.817,0.817
field1_west,2026-02-03,NDVI,0.8314,0.8314
field1_west,2026-02-08,NDVI,0.8436,0.8436
field1_west,2026-02-13,NDVI,0.8544,0.8544
field1_west,2026-02-18,NDVI,0.8325,0.8325
field1_west,2026-02-23,NDVI,0.7888,0.7888
field1_west,2026-02-28,NDVI,0.8076,0.8076
field1_west,2026-03-05,NDVI,0.857,0.857
field1_west,2026-03-10,NDVI,0.8493,0.8493
field1_west,2026-03-15,NDVI,0.8086,0.8086
field1_west,2026-03-20,NDVI,0.7678,0.7678
field1_west,2026-03-25,NDVI,0.6697,0.6697
field1_west,2026-03-30,NDVI,0.5087,0.5087
field1_west,2026-04-04,NDVI,0.3312,0.3312
field1_west,2026-04-09,NDVI,0.2255,0.2255
field1_west,2026-04-14,NDVI,0.1902,0.1902
field1_west,2026-04-19,NDVI,0.1799,0.1799
field1_west,2026-04-24,NDVI,0.1694,0.1694
field1_west,2026-04-29,NDVI,0.1554,0.1554
field1_west,2026-05-04,NDVI,0.1379,0.1379
field1_west,2026-05-09,NDVI,0.1213,0.1213
field1_west,2026-05-14,NDVI,0.1089,0.1089
field1_west,2026-05-19,NDVI,0.1091,0.1091
field1_west,2026-05-24,NDVI,0.1114,0.1114
field1_west,2026-05-29,NDVI,0.1006,0.1006
field1_west,2026-06-03,NDVI,0.1057,0.1057
field1_west,2026-06-08,NDVI,0.0905,0.0905
field1_west,2026-06-13,NDVI,0.0899,0.0899
field1_west,2026-06-18,NDVI,0.0696,0.0696
field1_west,2026-06-23,NDVI,0.0494,0.0494
field1_west,2026-06-28,NDVI,0.0417,0.0417
field1_west,2026-07-03,NDVI,0.0842,0.0842
field1_west,2026-07-08,NDVI,0.1267,0.1267
field1_west,2026-07-13,NDVI,0.1707,0.1707
field1_west,2026-07-18,NDVI,,
field1_west,2026-07-23,NDVI,,
field1_west,2026-07-28,NDVI,,
field1_west,2026-08-02,NDVI,,
field1_west,2026-08-07,NDVI,,
field1_west,2026-08-12,NDVI,,
field1_west,2026-08-17,NDVI,0.7286,0.7286
field1_west,2026-08-22,NDVI,0.6938,0.6938
field1_west,2026-08-27,NDVI,0.7053,0.7053
field1_west,2026-09-01,NDVI,0.7477,0.7477
field1_west,2026-09-06,NDVI,0.8041,0.8041
field1_west,2026-09-11,NDVI,0.8229,0.8229
field1_west,2026-09-16,NDVI,0.8105,0.8105
field1_west,2026-09-21,NDVI,0.7494,0.7494
field1_west,2025-09-01,NDWI,,
field1_west,2025-09-06,NDWI,,
field1_west,2025-09-11,NDWI,-0.7869,-0.7869
field1_west,2025-09-16,NDWI,-0.7079,-0.7079
field1_west,2025-09-21,NDWI,-0.7037,-0.7037
field1_west,2025-09-26,NDWI,-0.725,-0.725
field1_west,2025-10-01,NDWI,-0.6886,-0.6886
field1_west,2025-10-06,NDWI,-0.6164,-0.6164
field1_west,2025-10-11,NDWI,-0.5939,-0.5939
field1_west,2025-10-16,NDWI,-0.5502,-0.5502
field1_west,2025-10-21,NDWI,-0.483,-0.483
field1_west,2025-10-26,NDWI,-0.3879,-0.3879
field1_west,2025-10-31,NDWI,-0.3815,-0.3815
field1_west,2025-11-05,NDWI,-0.3946,-0.3946
field1_west,2025-11-10,NDWI,-0.3312,-0.3312
field1_west,2025-11-15,NDWI,-0.2392,-0.2392
field1_west,2025-11-20,NDWI,-0.2197,-0.2197
field1_west,2025-11-25,NDWI,-0.2289,-0.2289
field1_west,2025-11-30,NDWI,-0.2303,-0.2303
field1_west,2025-12-05,NDWI,-0.2436,-0.2436
field1_west,2025-12-10,NDWI,-0.2869,-0.2869
field1_west,2025-12-15,NDWI,-0.3056,-0.3056
field1_west,2025-12-20,NDWI,-0.3243,-0.3243
field1_west,2025-12-25,NDWI,-0.343,-0.343
field1_west,2025-12-30,NDWI,-0.3617,-0.3617
field1_west,2026-01-04,NDWI,-0.3804,-0.3804
field1_west,2026-01-09,NDWI,-0.4442,-0.4442
field1_west,2026-01-14,NDWI,-0.5381,-0.5381
field1_west,2026-01-19,NDWI,-0.632,-0.632
field1_west,2026-01-24,NDWI,-0.6811,-0.6811
field1_west,2026-01-29,NDWI,-0.7005,-0.7005
field1_west,2026-02-03,NDWI,-0.7199,-0.7199
field1_west,2026-02-08,NDWI,-0.7404,-0.7404
field1_west,2026-02-13,NDWI,-0.7615,-0.7615
field1_west,2026-02-18,NDWI,-0.7482,-0.7482
field1_west,2026-02-23,NDWI,-0.7119,-0.7119
field1_west,2026-02-28,NDWI,-0.7356,-0.7356
field1_west,2026-03-05,NDWI,-0.7834,-0.7834
field1_west,2026-03-10,NDWI,-0.7732,-0.7732
field1_west,2026-03-15,NDWI,-0.7314,-0.7314
field1_west,2026-03-20,NDWI,-0.6897,-0.6897
field1_west,2026-03-25,NDWI,-0.6265,-0.6265
field1_west,2026-03-30,NDWI,-0.5276,-0.5276
field1_west,2026-04-04,NDWI,-0.4145,-0.4145
field1_west,2026-04-09,NDWI,-0.3456,-0.3456
field1_west,2026-04-14,NDWI,-0.3111,-0.3111
field1_west,2026-04-19,NDWI,-0.3231,-0.3231
field1_west,2026-04-24,NDWI,-0.3303,-0.3303
field1_west,2026-04-29,NDWI,-0.3154,-0.3154
field1_west,2026-05-04,NDWI,-0.2863,-0.2863
field1_west,2026-05-09,NDWI,-0.257,-0.257
field1_west,2026-05-14,NDWI,-0.2353,-0.2353
field1_west,2026-05-19,NDWI,-0.2259,-0.2259
field1_west,2026-05-24,NDWI,-0.2244,-0.2244
field1_west,2026-05-29,NDWI,-0.2291,-0.2291
field1_west,2026-06-03,NDWI,-0.2259,-0.2259
field1_west,2026-06-08,NDWI,-0.2053,-0.2053
field1_west,2026-06-13,NDWI,-0.1977,-0.1977
field1_west,2026-06-18,NDWI,-0.1826,-0.1826
field1_west,2026-06-23,NDWI,-0.1674,-0.1674
field1_west,2026-06-28,NDWI,-0.1574,-0.1574
field1_west,2026-07-03,NDWI,-0.1682,-0.1682
field1_west,2026-07-08,NDWI,-0.1789,-0.1789
field1_west,2026-07-13,NDWI,-0.2271,-0.2271
field1_west,2026-07-18,NDWI,,
field1_west,2026-07-23,NDWI,,
field1_west,2026-07-28,NDWI,,
field1_west,2026-08-02,NDWI,,
field1_west,2026-08-07,NDWI,,
field1_west,2026-08-12,NDWI,,
field1_west,2026-08-17,NDWI,-0.6244,-0.6244
field1_west,2026-08-22,NDWI,-0.6123,-0.6123
field1_west,2026-08-27,NDWI,-0.6334,-0.6334
field1_west,2026-09-01,NDWI,-0.6766,-0.6766
field1_west,2026-09-06,NDWI,-0.7163,-0.7163
field1_west,2026-09-11,NDWI,-0.7208,-0.7208
field1_west,2026-09-16,NDWI,-0.7036,-0.7036
field1_west,2026-09-21,NDWI,-0.6543,-0.6543
field1_west,2025-09-01,NDMI,,
field1_west,2025-09-06,NDMI,,
field1_west,2025-09-11,NDMI,0.4063,0.4063
field1_west,2025-09-16,NDMI,0.3899,0.3899
field1_west,2025-09-21,NDMI,0.387,0.387
field1_west,2025-09-26,NDMI,0.3766,0.3766
field1_west,2025-10-01,NDMI,0.3394,0.3394
field1_west,2025-10-06,NDMI,0.2925,0.2925
field1_west,2025-10-11,NDMI,0.2304,0.2304
field1_west,2025-10-16,NDMI,0.1499,0.1499
field1_west,2025-10-21,NDMI,0.0307,0.0307
field1_west,2025-10-26,NDMI,-0.1,-0.1
field1_west,2025-10-31,NDMI,-0.0223,-0.0223
field1_west,2025-11-05,NDMI,-0.0557,-0.0557
field1_west,2025-11-10,NDMI,-0.1092,-0.1092
field1_west,2025-11-15,NDMI,-0.124,-0.124
field1_west,2025-11-20,NDMI,-0.1462,-0.1462
field1_west,2025-11-25,NDMI,-0.1537,-0.1537
field1_west,2025-11-30,NDMI,-0.124,-0.124
field1_west,2025-12-05,NDMI,-0.1211,-0.1211
field1_west,2025-12-10,NDMI,-0.0931,-0.0931
field1_west,2025-12-15,NDMI,-0.0297,-0.0297
field1_west,2025-12-20,NDMI,0.0337,0.0337
field1_west,2025-12-25,NDMI,0.0972,0.0972
field1_west,2025-12-30,NDMI,0.1606,0.1606
field1_west,2026-01-04,NDMI,0.224,0.224
field1_west,2026-01-09,NDMI,0.2729,0.2729
field1_west,2026-01-14,NDMI,0.3122,0.3122
field1_west,2026-01-19,NDMI,0.3514,0.3514
field1_west,2026-01-24,NDMI,0.3797,0.3797
field1_west,2026-01-29,NDMI,0.4008,0.4008
field1_west,2026-02-03,NDMI,0.4218,0.4218
field1_west,2026-02-08,NDMI,0.4331,0.4331
field1_west,2026-02-13,NDMI,0.4379,0.4379
field1_west,2026-02-18,NDMI,0.4453,0.4453
field1_west,2026-02-23,NDMI,0.4544,0.4544
field1_west,2026-02-28,NDMI,0.4732,0.4732
field1_west,2026-03-05,NDMI,0.4718,0.4718
field1_west,2026-03-10,NDMI,0.4405,0.4405
field1_west,2026-03-15,NDMI,0.4011,0.4011
field1_west,2026-03-20,NDMI,0.3617,0.3617
field1_west,2026-03-25,NDMI,0.2912,0.2912
field1_west,2026-03-30,NDMI,0.1947,0.1947
field1_west,2026-04-04,NDMI,0.0947,0.0947
field1_west,2026-04-09,NDMI,0.0247,0.0247
field1_west,2026-04-14,NDMI,-0.0579,-0.0579
field1_west,2026-04-19,NDMI,-0.1113,-0.1113
field1_west,2026-04-24,NDMI,-0.1134,-0.1134
field1_west,2026-04-29,NDMI,-0.0987,-0.0987
field1_west,2026-05-04,NDMI,-0.0932,-0.0932
field1_west,2026-05-09,NDMI,-0.1034,-0.1034
field1_west,2026-05-14,NDMI,-0.125,-0.125
field1_west,2026-05-19,NDMI,-0.1214,-0.1214
field1_west,2026-05-24,NDMI,-0.1169,-0.1169
field1_west,2026-05-29,NDMI,-0.1302,-0.1302
field1_west,2026-06-03,NDMI,-0.12,-0.12
field1_west,2026-06-08,NDMI,-0.1067,-0.1067
field1_west,2026-06-13,NDMI,-0.1062,-0.1062
field1_west,2026-06-18,NDMI,-0.1053,-0.1053
field1_west,2026-06-23,NDMI,-0.1045,-0.1045
field1_west,2026-06-28,NDMI,-0.0805,-0.0805
field1_west,2026-07-03,NDMI,0.0359,0.0359
field1_west,2026-07-08,NDMI,0.1522,0.1522
field1_west,2026-07-13,NDMI,0.1639,0.1639
field1_west,2026-07-18,NDMI,,
field1_west,2026-07-23,NDMI,,
field1_west,2026-07-28,NDMI,,
field1_west,2026-08-02,NDMI,,
field1_west,2026-08-07,NDMI,,
field1_west,2026-08-12,NDMI,,
field1_west,2026-08-17,NDMI,0.3366,0.3366
field1_west,2026-08-22,NDMI,0.2707,0.2707
field1_west,2026-08-27,NDMI,0.268,0.268
field1_west,2026-09-01,NDMI,0.3076,0.3076
field1_west,2026-09-06,NDMI,0.348,0.348
field1_west,2026-09-11,NDMI,0.3705,0.3705
field1_west,2026-09-16,NDMI,0.3807,0.3807
field1_west,2026-09-21,NDMI,0.3655,0.3655
field1_west,2025-09-01,EVI,,
field1_west,2025-09-06,EVI,,
field1_west,2025-09-11,EVI,0.598,0.598
field1_west,2025-09-16,EVI,0.6522,0.6522
field1_west,2025-09-21,EVI,0.6588,0.6588
field1_west,2025-09-26,EVI,0.6114,0.6114
field1_west,2025-10-01,EVI,0.5299,0.5299
field1_west,2025-10-06,EVI,0.4826,0.4826
field1_west,2025-10-11,EVI,0.4258,0.4258
field1_west,2025-10-16,EVI,0.3398,0.3398
field1_west,2025-10-21,EVI,0.2555,0.2555
field1_west,2025-10-26,EVI,0.1964,0.1964
field1_west,2025-10-31,EVI,0.1657,0.1657
field1_west,2025-11-05,EVI,0.1576,0.1576
field1_west,2025-11-10,EVI,0.1507,0.1507
field1_west,2025-11-15,EVI,0.1005,0.1005
field1_west,2025-11-20,EVI,0.0716,0.0716
field1_west,2025-11-25,EVI,0.0752,0.0752
field1_west,2025-11-30,EVI,0.0857,0.0857
field1_west,2025-12-05,EVI,0.0914,0.0914
field1_west,2025-12-10,EVI,0.1231,0.1231
field1_west,2025-12-15,EVI,0.1776,0.1776
field1_west,2025-12-20,EVI,0.2321,0.2321
field1_west,2025-12-25,EVI,0.2865,0.2865
field1_west,2025-12-30,EVI,0.341,0.341
field1_west,2026-01-04,EVI,0.3955,0.3955
field1_west,2026-01-09,EVI,0.4497,0.4497
field1_west,2026-01-14,EVI,0.5036,0.5036
field1_west,2026-01-19,EVI,0.5576,0.5576
field1_west,2026-01-24,EVI,0.5942,0.5942
field1_west,2026-01-29,EVI,0.6193,0.6193
field1_west,2026-02-03,EVI,0.6443,0.6443
field1_west,2026-02-08,EVI,0.655,0.655
field1_west,2026-02-13,EVI,0.6563,0.6563
field1_west,2026-02-18,EVI,0.651,0.651
field1_west,2026-02-23,EVI,0.6414,0.6414
field1_west,2026-02-28,EVI,0.6552,0.6552
field1_west,2026-03-05,EVI,0.6344,0.6344
field1_west,2026-03-10,EVI,0.5851,0.5851
field1_west,2026-03-15,EVI,0.5392,0.5392
field1_west,2026-03-20,EVI,0.4933,0.4933
field1_west,2026-03-25,EVI,0.4,0.4
field1_west,2026-03-30,EVI,0.2984,0.2984
field1_west,2026-04-04,EVI,0.2124,0.2124
field1_west,2026-04-09,EVI,0.1524,0.1524
field1_west,2026-04-14,EVI,0.1307,0.1307
field1_west,2026-04-19,EVI,0.1194,0.1194
field1_west,2026-04-24,EVI,0.1211,0.1211
field1_west,2026-04-29,EVI,0.1222,0.1222
field1_west,2026-05-04,EVI,0.1074,0.1074
field1_west,2026-05-09,EVI,0.0905,0.0905
field1_west,2026-05-14,EVI,0.0779,0.0779
field1_west,2026-05-19,EVI,0.081,0.081
field1_west,2026-05-24,EVI,0.0868,0.0868
field1_west,2026-05-29,EVI,0.0796,0.0796
field1_west,2026-06-03,EVI,0.087,0.087
field1_west,2026-06-08,EVI,0.0783,0.0783
field1_west,2026-06-13,EVI,0.078,0.078
field1_west,2026-06-18,EVI,0.0584,0.0584
field1_west,2026-06-23,EVI,0.0388,0.0388
field1_west,2026-06-28,EVI,0.0281,0.0281
field1_west,2026-07-03,EVI,0.053,0.053
field1_west,2026-07-08,EVI,0.0779,0.0779
field1_west,2026-07-13,EVI,0.0983,0.0983
field1_west,2026-07-18,EVI,,
field1_west,2026-07-23,EVI,,
field1_west,2026-07-28,EVI,,
field1_west,2026-08-02,EVI,,
field1_west,2026-08-07,EVI,,
field1_west,2026-08-12,EVI,,
field1_west,2026-08-17,EVI,0.4112,0.4112
field1_west,2026-08-22,EVI,0.451,0.451
field1_west,2026-08-27,EVI,0.4935,0.4935
field1_west,2026-09-01,EVI,0.5379,0.5379
field1_west,2026-09-06,EVI,0.5842,0.5842
field1_west,2026-09-11,EVI,0.608,0.608
field1_west,2026-09-16,EVI,0.6161,0.6161
field1_west,2026-09-21,EVI,0.5745,0.5745
field1_west,2025-09-01,NDRE,,
field1_west,2025-09-06,NDRE,,
field1_west,2025-09-11,NDRE,0.6833,0.6833
field1_west,2025-09-16,NDRE,0.586,0.586
field1_west,2025-09-21,NDRE,0.578,0.578
field1_west,2025-09-26,NDRE,0.5522,0.5522
field1_west,2025-10-01,NDRE,0.5071,0.5071
field1_west,2025-10-06,NDRE,0.3894,0.3894
field1_west,2025-10-11,NDRE,0.338,0.338
field1_west,2025-10-16,NDRE,0.2785,0.2785
field1_west,2025-10-21,NDRE,0.2264,0.2264
field1_west,2025-10-26,NDRE,0.1761,0.1761
field1_west,2025-10-31,NDRE,0.1645,0.1645
field1_west,2025-11-05,NDRE,0.1609,0.1609
field1_west,2025-11-10,NDRE,0.1371,0.1371
field1_west,2025-11-15,NDRE,0.0903,0.0903
field1_west,2025-11-20,NDRE,0.0612,0.0612
field1_west,2025-11-25,NDRE,0.0679,0.0679
field1_west,2025-11-30,NDRE,0.0794,0.0794
field1_west,2025-12-05,NDRE,0.0905,0.0905
field1_west,2025-12-10,NDRE,0.1209,0.1209
field1_west,2025-12-15,NDRE,0.1496,0.1496
field1_west,2025-12-20,NDRE,0.1782,0.1782
field1_west,2025-12-25,NDRE,0.2069,0.2069
field1_west,2025-12-30,NDRE,0.2356,0.2356
field1_west,2026-01-04,NDRE,0.2642,0.2642
field1_west,2026-01-09,NDRE,0.331,0.331
field1_west,2026-01-14,NDRE,0.4232,0.4232
field1_west,2026-01-19,NDRE,0.5154,0.5154
field1_west,2026-01-24,NDRE,0.5549,0.5549
field1_west,2026-01-29,NDRE,0.5591,0.5591
field1_west,2026-02-03,NDRE,0.5634,0.5634
field1_west,2026-02-08,NDRE,0.5798,0.5798
field1_west,2026-02-13,NDRE,0.6044,0.6044
field1_west,2026-02-18,NDRE,0.604,0.604
field1_west,2026-02-23,NDRE,0.587,0.587
field1_west,2026-02-28,NDRE,0.6311,0.6311
field1_west,2026-03-05,NDRE,0.6358,0.6358
field1_west,2026-03-10,NDRE,0.5968,0.5968
field1_west,2026-03-15,NDRE,0.5642,0.5642
field1_west,2026-03-20,NDRE,0.5316,0.5316
field1_west,2026-03-25,NDRE,0.4269,0.4269
field1_west,2026-03-30,NDRE,0.3009,0.3009
field1_west,2026-04-04,NDRE,0.1928,0.1928
field1_west,2026-04-09,NDRE,0.1418,0.1418
field1_west,2026-04-14,NDRE,0.1376,0.1376
field1_west,2026-04-19,NDRE,0.1347,0.1347
field1_west,2026-04-24,NDRE,0.1226,0.1226
field1_west,2026-04-29,NDRE,0.1111,0.1111
field1_west,2026-05-04,NDRE,0.0997,0.0997
field1_west,2026-05-09,NDRE,0.091,0.091
field1_west,2026-05-14,NDRE,0.0866,0.0866
field1_west,2026-05-19,NDRE,0.0837,0.0837
field1_west,2026-05-24,NDRE,0.0837,0.0837
field1_west,2026-05-29,NDRE,0.0835,0.0835
field1_west,2026-06-03,NDRE,0.0909,0.0909
field1_west,2026-06-08,NDRE,0.0699,0.0699
field1_west,2026-06-13,NDRE,0.072,0.072
field1_west,2026-06-18,NDRE,0.0701,0.0701
field1_west,2026-06-23,NDRE,0.0683,0.0683
field1_west,2026-06-28,NDRE,0.0682,0.0682
field1_west,2026-07-03,NDRE,0.0752,0.0752
field1_west,2026-07-08,NDRE,0.0823,0.0823
field1_west,2026-07-13,NDRE,0.1026,0.1026
field1_west,2026-07-18,NDRE,,
field1_west,2026-07-23,NDRE,,
field1_west,2026-07-28,NDRE,,
field1_west,2026-08-02,NDRE,,
field1_west,2026-08-07,NDRE,,
field1_west,2026-08-12,NDRE,,
field1_west,2026-08-17,NDRE,0.4716,0.4716
field1_west,2026-08-22,NDRE,0.4823,0.4823
field1_west,2026-08-27,NDRE,0.4982,0.4982
field1_west,2026-09-01,NDRE,0.5176,0.5176
field1_west,2026-09-06,NDRE,0.5738,0.5738
field1_west,2026-09-11,NDRE,0.5917,0.5917
field1_west,2026-09-16,NDRE,0.5678,0.5678
field1_west,2026-09-21,NDRE,0.4941,0.4941
field1_northeast,2025-09-01,NDVI,,
field1_northeast,2025-09-06,NDVI,,
field1_northeast,2025-09-11,NDVI,0.818,0.818
field1_northeast,2025-09-16,NDVI,0.7574,0.7574
field1_northeast,2025-09-21,NDVI,0.7864,0.7864
field1_northeast,2025-09-26,NDVI,0.8419,0.8419
field1_northeast,2025-10-01,NDVI,0.7964,0.7964
field1_northeast,2025-10-06,NDVI,0.7463,0.7463
field1_northeast,2025-10-11,NDVI,0.7607,0.7607
field1_northeast,2025-10-16,NDVI,0.7536,0.7536
field1_northeast,2025-10-21,NDVI,0.7024,0.7024
field1_northeast,2025-10-26,NDVI,0.582,0.582
field1_northeast,2025-10-31,NDVI,0.6025,0.6025
field1_northeast,2025-11-05,NDVI,0.6733,0.6733
field1_northeast,2025-11-10,NDVI,0.5759,0.5759
field1_northeast,2025-11-15,NDVI,0.5225,0.5225
field1_northeast,2025-11-20,NDVI,0.5322,0.5322
field1_northeast,2025-11-25,NDVI,0.5425,0.5425
field1_northeast,2025-11-30,NDVI,0.5494,0.5494
field1_northeast,2025-12-05,NDVI,0.534,0.534
field1_northeast,2025-12-10,NDVI,0.5102,0.5102
field1_northeast,2025-12-15,NDVI,0.4806,0.4806
field1_northeast,2025-12-20,NDVI,0.4511,0.4511
field1_northeast,2025-12-25,NDVI,0.4216,0.4216
field1_northeast,2025-12-30,NDVI,0.392,0.392
field1_northeast,2026-01-04,NDVI,0.3625,0.3625
field1_northeast,2026-01-09,NDVI,0.3662,0.3662
field1_northeast,2026-01-14,NDVI,0.392,0.392
field1_northeast,2026-01-19,NDVI,0.4179,0.4179
field1_northeast,2026-01-24,NDVI,0.3862,0.3862
field1_northeast,2026-01-29,NDVI,0.3161,0.3161
field1_northeast,2026-02-03,NDVI,0.246,0.246
field1_northeast,2026-02-08,NDVI,0.2088,0.2088
field1_northeast,2026-02-13,NDVI,0.1934,0.1934
field1_northeast,2026-02-18,NDVI,0.2047,0.2047
field1_northeast,2026-02-23,NDVI,0.2336,0.2336
field1_northeast,2026-02-28,NDVI,0.2624,0.2624
field1_northeast,2026-03-05,NDVI,0.3084,0.3084
field1_northeast,2026-03-10,NDVI,0.3294,0.3294
field1_northeast,2026-03-15,NDVI,0.3261,0.3261
field1_northeast,2026-03-20,NDVI,0.3227,0.3227
field1_northeast,2026-03-25,NDVI,0.3293,0.3293
field1_northeast,2026-03-30,NDVI,0.3658,0.3658
field1_northeast,2026-04-04,NDVI,0.4179,0.4179
field1_northeast,2026-04-09,NDVI,0.4397,0.4397
field1_northeast,2026-04-14,NDVI,0.3172,0.3172
field1_northeast,2026-04-19,NDVI,0.3643,0.3643
field1_northeast,2026-04-24,NDVI,0.3982,0.3982
field1_northeast,2026-04-29,NDVI,0.4598,0.4598
field1_northeast,2026-05-04,NDVI,0.5596,0.5596
field1_northeast,2026-05-09,NDVI,0.5343,0.5343
field1_northeast,2026-05-14,NDVI,0.4359,0.4359
field1_northeast,2026-05-19,NDVI,0.4727,0.4727
field1_northeast,2026-05-24,NDVI,0.4589,0.4589
field1_northeast,2026-05-29,NDVI,0.6232,0.6232
field1_northeast,2026-06-03,NDVI,0.7085,0.7085
field1_northeast,2026-06-08,NDVI,0.6669,0.6669
field1_northeast,2026-06-13,NDVI,0.6578,0.6578
field1_northeast,2026-06-18,NDVI,0.7203,0.7203
field1_northeast,2026-06-23,NDVI,0.7828,0.7828
field1_northeast,2026-06-28,NDVI,0.8191,0.8191
field1_northeast,2026-07-03,NDVI,0.7506,0.7506
field1_northeast,2026-07-08,NDVI,0.6822,0.6822
field1_northeast,2026-07-13,NDVI,0.6431,0.6431
field1_northeast,2026-07-18,NDVI,,
field1_northeast,2026-07-23,NDVI,,
field1_northeast,2026-07-28,NDVI,,
field1_northeast,2026-08-02,NDVI,,
field1_northeast,2026-08-07,NDVI,,
field1_northeast,2026-08-12,NDVI,,
field1_northeast,2026-08-17,NDVI,0.8018,0.8018
field1_northeast,2026-08-22,NDVI,0.7415,0.7415
field1_northeast,2026-08-27,NDVI,0.7215,0.7215
field1_northeast,2026-09-01,NDVI,0.7284,0.7284
field1_northeast,2026-09-06,NDVI,0.7726,0.7726
field1_northeast,2026-09-11,NDVI,0.7954,0.7954
field1_northeast,2026-09-16,NDVI,0.7873,0.7873
field1_northeast,2026-09-21,NDVI,0.7603,0.7603
field1_northeast,2025-09-01,NDWI,,
field1_northeast,2025-09-06,NDWI,,
field1_northeast,2025-09-11,NDWI,-0.7048,-0.7048
field1_northeast,2025-09-16,NDWI,-0.6597,-0.6597
field1_northeast,2025-09-21,NDWI,-0.6909,-0.6909
field1_northeast,2025-09-26,NDWI,-0.7472,-0.7472
field1_northeast,2025-10-01,NDWI,-0.7151,-0.7151
field1_northeast,2025-10-06,NDWI,-0.6684,-0.6684
field1_northeast,2025-10-11,NDWI,-0.6788,-0.6788
field1_northeast,2025-10-16,NDWI,-0.6818,-0.6818
field1_northeast,2025-10-21,NDWI,-0.6447,-0.6447
field1_northeast,2025-10-26,NDWI,-0.5334,-0.5334
field1_northeast,2025-10-31,NDWI,-0.5516,-0.5516
field1_northeast,2025-11-05,NDWI,-0.6096,-0.6096
field1_northeast,2025-11-10,NDWI,-0.531,-0.531
field1_northeast,2025-11-15,NDWI,-0.4795,-0.4795
field1_northeast,2025-11-20,NDWI,-0.5107,-0.5107
field1_northeast,2025-11-25,NDWI,-0.5251,-0.5251
field1_northeast,2025-11-30,NDWI,-0.5271,-0.5271
field1_northeast,2025-12-05,NDWI,-0.5322,-0.5322
field1_northeast,2025-12-10,NDWI,-0.5128,-0.5128
field1_northeast,2025-12-15,NDWI,-0.4772,-0.4772
field1_northeast,2025-12-20,NDWI,-0.4416,-0.4416
field1_northeast,2025-12-25,NDWI,-0.4059,-0.4059
field1_northeast,2025-12-30,NDWI,-0.3703,-0.3703
field1_northeast,2026-01-04,NDWI,-0.3347,-0.3347
field1_northeast,2026-01-09,NDWI,-0.3404,-0.3404
field1_northeast,2026-01-14,NDWI,-0.3738,-0.3738
field1_northeast,2026-01-19,NDWI,-0.4072,-0.4072
field1_northeast,2026-01-24,NDWI,-0.4067,-0.4067
field1_northeast,2026-01-29,NDWI,-0.3836,-0.3836
field1_northeast,2026-02-03,NDWI,-0.3605,-0.3605
field1_northeast,2026-02-08,NDWI,-0.3429,-0.3429
field1_northeast,2026-02-13,NDWI,-0.3289,-0.3289
field1_northeast,2026-02-18,NDWI,-0.3272,-0.3272
field1_northeast,2026-02-23,NDWI,-0.3336,-0.3336
field1_northeast,2026-02-28,NDWI,-0.3532,-0.3532
field1_northeast,2026-03-05,NDWI,-0.3922,-0.3922
field1_northeast,2026-03-10,NDWI,-0.4,-0.4
field1_northeast,2026-03-15,NDWI,-0.3823,-0.3823
field1_northeast,2026-03-20,NDWI,-0.3645,-0.3645
field1_northeast,2026-03-25,NDWI,-0.3626,-0.3626
field1_northeast,2026-03-30,NDWI,-0.3842,-0.3842
field1_northeast,2026-04-04,NDWI,-0.4145,-0.4145
field1_northeast,2026-04-09,NDWI,-0.4231,-0.4231
field1_northeast,2026-04-14,NDWI,-0.3419,-0.3419
field1_northeast,2026-04-19,NDWI,-0.3866,-0.3866
field1_northeast,2026-04-24,NDWI,-0.4168,-0.4168
field1_northeast,2026-04-29,NDWI,-0.4457,-0.4457
field1_northeast,2026-05-04,NDWI,-0.5007,-0.5007
field1_northeast,2026-05-09,NDWI,-0.4833,-0.4833
field1_northeast,2026-05-14,NDWI,-0.4207,-0.4207
field1_northeast,2026-05-19,NDWI,-0.4464,-0.4464
field1_northeast,2026-05-24,NDWI,-0.4438,-0.4438
field1_northeast,2026-05-29,NDWI,-0.5486,-0.5486
field1_northeast,2026-06-03,NDWI,-0.6079,-0.6079
field1_northeast,2026-06-08,NDWI,-0.5894,-0.5894
field1_northeast,2026-06-13,NDWI,-0.5811,-0.5811
field1_northeast,2026-06-18,NDWI,-0.6351,-0.6351
field1_northeast,2026-06-23,NDWI,-0.689,-0.689
field1_northeast,2026-06-28,NDWI,-0.7217,-0.7217
field1_northeast,2026-07-03,NDWI,-0.6692,-0.6692
field1_northeast,2026-07-08,NDWI,-0.6167,-0.6167
field1_northeast,2026-07-13,NDWI,-0.599,-0.599
field1_northeast,2026-07-18,NDWI,,
field1_northeast,2026-07-23,NDWI,,
field1_northeast,2026-07-28,NDWI,,
field1_northeast,2026-08-02,NDWI,,
field1_northeast,2026-08-07,NDWI,,
field1_northeast,2026-08-12,NDWI,,
field1_northeast,2026-08-17,NDWI,-0.6938,-0.6938
field1_northeast,2026-08-22,NDWI,-0.6447,-0.6447
field1_northeast,2026-08-27,NDWI,-0.6318,-0.6318
field1_northeast,2026-09-01,NDWI,-0.6429,-0.6429
field1_northeast,2026-09-06,NDWI,-0.6829,-0.6829
field1_northeast,2026-09-11,NDWI,-0.7028,-0.7028
field1_northeast,2026-09-16,NDWI,-0.6966,-0.6966
field1_northeast,2026-09-21,NDWI,-0.6717,-0.6717
field1_northeast,2025-09-01,NDMI,,
field1_northeast,2025-09-06,NDMI,,
field1_northeast,2025-09-11,NDMI,0.3938,0.3938
field1_northeast,2025-09-16,NDMI,0.3728,0.3728
field1_northeast,2025-09-21,NDMI,0.3682,0.3682
field1_northeast,2025-09-26,NDMI,0.3759,0.3759
field1_northeast,2025-10-01,NDMI,0.3662,0.3662
field1_northeast,2025-10-06,NDMI,0.3445,0.3445
field1_northeast,2025-10-11,NDMI,0.3331,0.3331
field1_northeast,2025-10-16,NDMI,0.3139,0.3139
field1_northeast,2025-10-21,NDMI,0.2682,0.2682
field1_northeast,2025-10-26,NDMI,0.2252,0.2252
field1_northeast,2025-10-31,NDMI,0.229,0.229
field1_northeast,2025-11-05,NDMI,0.2337,0.2337
field1_northeast,2025-11-10,NDMI,0.2109,0.2109
field1_northeast,2025-11-15,NDMI,0.2032,0.2032
field1_northeast,2025-11-20,NDMI,0.1844,0.1844
field1_northeast,2025-11-25,NDMI,0.1673,0.1673
field1_northeast,2025-11-30,NDMI,0.1704,0.1704
field1_northeast,2025-12-05,NDMI,0.159,0.159
field1_northeast,2025-12-10,NDMI,0.1531,0.1531
field1_northeast,2025-12-15,NDMI,0.1509,0.1509
field1_northeast,2025-12-20,NDMI,0.1488,0.1488
field1_northeast,2025-12-25,NDMI,0.1466,0.1466
field1_northeast,2025-12-30,NDMI,0.1444,0.1444
field1_northeast,2026-01-04,NDMI,0.1423,0.1423
field1_northeast,2026-01-09,NDMI,0.1279,0.1279
field1_northeast,2026-01-14,NDMI,0.1055,0.1055
field1_northeast,2026-01-19,NDMI,0.0831,0.0831
field1_northeast,2026-01-24,NDMI,0.036,0.036
field1_northeast,2026-01-29,NDMI,-0.0275,-0.0275
field1_northeast,2026-02-03,NDMI,-0.091,-0.091
field1_northeast,2026-02-08,NDMI,-0.1203,-0.1203
field1_northeast,2026-02-13,NDMI,-0.1269,-0.1269
field1_northeast,2026-02-18,NDMI,-0.1199,-0.1199
field1_northeast,2026-02-23,NDMI,-0.104,-0.104
field1_northeast,2026-02-28,NDMI,-0.0858,-0.0858
field1_northeast,2026-03-05,NDMI,-0.0592,-0.0592
field1_northeast,2026-03-10,NDMI,-0.0357,-0.0357
field1_northeast,2026-03-15,NDMI,-0.0173,-0.0173
field1_northeast,2026-03-20,NDMI,0.0011,0.0011
field1_northeast,2026-03-25,NDMI,0.0233,0.0233
field1_northeast,2026-03-30,NDMI,0.0473,0.0473
field1_northeast,2026-04-04,NDMI,0.0708,0.0708
field1_northeast,2026-04-09,NDMI,0.101,0.101
field1_northeast,2026-04-14,NDMI,0.0313,0.0313
field1_northeast,2026-04-19,NDMI,0.019,0.019
field1_northeast,2026-04-24,NDMI,0.0113,0.0113
field1_northeast,2026-04-29,NDMI,0.0695,0.0695
field1_northeast,2026-05-04,NDMI,0.1271,0.1271
field1_northeast,2026-05-09,NDMI,0.1187,0.1187
field1_northeast,2026-05-14,NDMI,0.0886,0.0886
field1_northeast,2026-05-19,NDMI,0.0807,0.0807
field1_northeast,2026-05-24,NDMI,0.0995,0.0995
field1_northeast,2026-05-29,NDMI,0.1835,0.1835
field1_northeast,2026-06-03,NDMI,0.226,0.226
field1_northeast,2026-06-08,NDMI,0.2136,0.2136
field1_northeast,2026-06-13,NDMI,0.2305,0.2305
field1_northeast,2026-06-18,NDMI,0.2668,0.2668
field1_northeast,2026-06-23,NDMI,0.3031,0.3031
field1_northeast,2026-06-28,NDMI,0.3313,0.3313
field1_northeast,2026-07-03,NDMI,0.3266,0.3266
field1_northeast,2026-07-08,NDMI,0.3219,0.3219
field1_northeast,2026-07-13,NDMI,0.3078,0.3078
field1_northeast,2026-07-18,NDMI,,
field1_northeast,2026-07-23,NDMI,,
field1_northeast,2026-07-28,NDMI,,
field1_northeast,2026-08-02,NDMI,,
field1_northeast,2026-08-07,NDMI,,
field1_northeast,2026-08-12,NDMI,,
field1_northeast,2026-08-17,NDMI,0.3974,0.3974
field1_northeast,2026-08-22,NDMI,0.3632,0.3632
field1_northeast,2026-08-27,NDMI,0.3604,0.3604
field1_northeast,2026-09-01,NDMI,0.3785,0.3785
field1_northeast,2026-09-06,NDMI,0.3742,0.3742
field1_northeast,2026-09-11,NDMI,0.3642,0.3642
field1_northeast,2026-09-16,NDMI,0.3603,0.3603
field1_northeast,2026-09-21,NDMI,0.3511,0.3511
field1_northeast,2025-09-01,EVI,,
field1_northeast,2025-09-06,EVI,,
field1_northeast,2025-09-11,EVI,0.6569,0.6569
field1_northeast,2025-09-16,EVI,0.672,0.672
field1_northeast,2025-09-21,EVI,0.6614,0.6614
field1_northeast,2025-09-26,EVI,0.6285,0.6285
field1_northeast,2025-10-01,EVI,0.5972,0.5972
field1_northeast,2025-10-06,EVI,0.6057,0.6057
field1_northeast,2025-10-11,EVI,0.6252,0.6252
field1_northeast,2025-10-16,EVI,0.5781,0.5781
field1_northeast,2025-10-21,EVI,0.5134,0.5134
field1_northeast,2025-10-26,EVI,0.4783,0.4783
field1_northeast,2025-10-31,EVI,0.477,0.477
field1_northeast,2025-11-05,EVI,0.5024,0.5024
field1_northeast,2025-11-10,EVI,0.4436,0.4436
field1_northeast,2025-11-15,EVI,0.4225,0.4225
field1_northeast,2025-11-20,EVI,0.3928,0.3928
field1_northeast,2025-11-25,EVI,0.3728,0.3728
field1_northeast,2025-11-30,EVI,0.3704,0.3704
field1_northeast,2025-12-05,EVI,0.3448,0.3448
field1_northeast,2025-12-10,EVI,0.3333,0.3333
field1_northeast,2025-12-15,EVI,0.3314,0.3314
field1_northeast,2025-12-20,EVI,0.3295,0.3295
field1_northeast,2025-12-25,EVI,0.3275,0.3275
field1_northeast,2025-12-30,EVI,0.3256,0.3256
field1_northeast,2026-01-04,EVI,0.3237,0.3237
field1_northeast,2026-01-09,EVI,0.3111,0.3111
field1_northeast,2026-01-14,EVI,0.2913,0.2913
field1_northeast,2026-01-19,EVI,0.2716,0.2716
field1_northeast,2026-01-24,EVI,0.2396,0.2396
field1_northeast,2026-01-29,EVI,0.1994,0.1994
field1_northeast,2026-02-03,EVI,0.1593,0.1593
field1_northeast,2026-02-08,EVI,0.1385,0.1385
field1_northeast,2026-02-13,EVI,0.1307,0.1307
field1_northeast,2026-02-18,EVI,0.1423,0.1423
field1_northeast,2026-02-23,EVI,0.1668,0.1668
field1_northeast,2026-02-28,EVI,0.1783,0.1783
field1_northeast,2026-03-05,EVI,0.1881,0.1881
field1_northeast,2026-03-10,EVI,0.203,0.203
field1_northeast,2026-03-15,EVI,0.2184,0.2184
field1_northeast,2026-03-20,EVI,0.2338,0.2338
field1_northeast,2026-03-25,EVI,0.2469,0.2469
field1_northeast,2026-03-30,EVI,0.2754,0.2754
field1_northeast,2026-04-04,EVI,0.3152,0.3152
field1_northeast,2026-04-09,EVI,0.3167,0.3167
field1_northeast,2026-04-14,EVI,0.2676,0.2676
field1_northeast,2026-04-19,EVI,0.2569,0.2569
field1_northeast,2026-04-24,EVI,0.2781,0.2781
field1_northeast,2026-04-29,EVI,0.3254,0.3254
field1_northeast,2026-05-04,EVI,0.3852,0.3852
field1_northeast,2026-05-09,EVI,0.3621,0.3621
field1_northeast,2026-05-14,EVI,0.2858,0.2858
field1_northeast,2026-05-19,EVI,0.3017,0.3017
field1_northeast,2026-05-24,EVI,0.3552,0.3552
field1_northeast,2026-05-29,EVI,0.4501,0.4501
field1_northeast,2026-06-03,EVI,0.4918,0.4918
field1_northeast,2026-06-08,EVI,0.4823,0.4823
field1_northeast,2026-06-13,EVI,0.5069,0.5069
field1_northeast,2026-06-18,EVI,0.5374,0.5374
field1_northeast,2026-06-23,EVI,0.5678,0.5678
field1_northeast,2026-06-28,EVI,0.5879,0.5879
field1_northeast,2026-07-03,EVI,0.5671,0.5671
field1_northeast,2026-07-08,EVI,0.5463,0.5463
field1_northeast,2026-07-13,EVI,0.5089,0.5089
field1_northeast,2026-07-18,EVI,,
field1_northeast,2026-07-23,EVI,,
field1_northeast,2026-07-28,EVI,,
field1_northeast,2026-08-02,EVI,,
field1_northeast,2026-08-07,EVI,,
field1_northeast,2026-08-12,EVI,,
field1_northeast,2026-08-17,EVI,0.6184,0.6184
field1_northeast,2026-08-22,EVI,0.6116,0.6116
field1_northeast,2026-08-27,EVI,0.6303,0.6303
field1_northeast,2026-09-01,EVI,0.6662,0.6662
field1_northeast,2026-09-06,EVI,0.6685,0.6685
field1_northeast,2026-09-11,EVI,0.6534,0.6534
field1_northeast,2026-09-16,EVI,0.6417,0.6417
field1_northeast,2026-09-21,EVI,0.6109,0.6109
field1_northeast,2025-09-01,NDRE,,
field1_northeast,2025-09-06,NDRE,,
field1_northeast,2025-09-11,NDRE,0.6323,0.6323
field1_northeast,2025-09-16,NDRE,0.5665,0.5665
field1_northeast,2025-09-21,NDRE,0.6036,0.6036
field1_northeast,2025-09-26,NDRE,0.6281,0.6281
field1_northeast,2025-10-01,NDRE,0.6059,0.6059
field1_northeast,2025-10-06,NDRE,0.5296,0.5296
field1_northeast,2025-10-11,NDRE,0.5431,0.5431
field1_northeast,2025-10-16,NDRE,0.5249,0.5249
field1_northeast,2025-10-21,NDRE,0.511,0.511
field1_northeast,2025-10-26,NDRE,0.413,0.413
field1_northeast,2025-10-31,NDRE,0.4263,0.4263
field1_northeast,2025-11-05,NDRE,0.451,0.451
field1_northeast,2025-11-10,NDRE,0.4067,0.4067
field1_northeast,2025-11-15,NDRE,0.3487,0.3487
field1_northeast,2025-11-20,NDRE,0.3467,0.3467
field1_northeast,2025-11-25,NDRE,0.3435,0.3435
field1_northeast,2025-11-30,NDRE,0.3541,0.3541
field1_northeast,2025-12-05,NDRE,0.321,0.321
field1_northeast,2025-12-10,NDRE,0.2981,0.2981
field1_northeast,2025-12-15,NDRE,0.2818,0.2818
field1_northeast,2025-12-20,NDRE,0.2656,0.2656
field1_northeast,2025-12-25,NDRE,0.2493,0.2493
field1_northeast,2025-12-30,NDRE,0.233,0.233
field1_northeast,2026-01-04,NDRE,0.2168,0.2168
field1_northeast,2026-01-09,NDRE,0.2224,0.2224
field1_northeast,2026-01-14,NDRE,0.2426,0.2426
field1_northeast,2026-01-19,NDRE,0.2627,0.2627
field1_northeast,2026-01-24,NDRE,0.2467,0.2467
field1_northeast,2026-01-29,NDRE,0.2066,0.2066
field1_northeast,2026-02-03,NDRE,0.1665,0.1665
field1_northeast,2026-02-08,NDRE,0.143,0.143
field1_northeast,2026-02-13,NDRE,0.1308,0.1308
field1_northeast,2026-02-18,NDRE,0.1389,0.1389
field1_northeast,2026-02-23,NDRE,0.1605,0.1605
field1_northeast,2026-02-28,NDRE,0.1829,0.1829
field1_northeast,2026-03-05,NDRE,0.2008,0.2008
field1_northeast,2026-03-10,NDRE,0.2086,0.2086
field1_northeast,2026-03-15,NDRE,0.2117,0.2117
field1_northeast,2026-03-20,NDRE,0.2148,0.2148
field1_northeast,2026-03-25,NDRE,0.215,0.215
field1_northeast,2026-03-30,NDRE,0.2276,0.2276
field1_northeast,2026-04-04,NDRE,0.2497,0.2497
field1_northeast,2026-04-09,NDRE,0.273,0.273
field1_northeast,2026-04-14,NDRE,0.2001,0.2001
field1_northeast,2026-04-19,NDRE,0.2392,0.2392
field1_northeast,2026-04-24,NDRE,0.2585,0.2585
field1_northeast,2026-04-29,NDRE,0.3094,0.3094
field1_northeast,2026-05-04,NDRE,0.3579,0.3579
field1_northeast,2026-05-09,NDRE,0.331,0.331
field1_northeast,2026-05-14,NDRE,0.2791,0.2791
field1_northeast,2026-05-19,NDRE,0.313,0.313
field1_northeast,2026-05-24,NDRE,0.3092,0.3092
field1_northeast,2026-05-29,NDRE,0.423,0.423
field1_northeast,2026-06-03,NDRE,0.4883,0.4883
field1_northeast,2026-06-08,NDRE,0.4707,0.4707
field1_northeast,2026-06-13,NDRE,0.4791,0.4791
field1_northeast,2026-06-18,NDRE,0.5228,0.5228
field1_northeast,2026-06-23,NDRE,0.5666,0.5666
field1_northeast,2026-06-28,NDRE,0.5951,0.5951
field1_northeast,2026-07-03,NDRE,0.5626,0.5626
field1_northeast,2026-07-08,NDRE,0.53,0.53
field1_northeast,2026-07-13,NDRE,0.4853,0.4853
field1_northeast,2026-07-18,NDRE,,
field1_northeast,2026-07-23,NDRE,,
field1_northeast,2026-07-28,NDRE,,
field1_northeast,2026-08-02,NDRE,,
field1_northeast,2026-08-07,NDRE,,
field1_northeast,2026-08-12,NDRE,,
field1_northeast,2026-08-17,NDRE,0.6094,0.6094
field1_northeast,2026-08-22,NDRE,0.5598,0.5598
field1_northeast,2026-08-27,NDRE,0.5455,0.5455
field1_northeast,2026-09-01,NDRE,0.5548,0.5548
field1_northeast,2026-09-06,NDRE,0.5946,0.5946
field1_northeast,2026-09-11,NDRE,0.613,0.613
field1_northeast,2026-09-16,NDRE,0.6038,0.6038
field1_northeast,2026-09-21,NDRE,0.5597,0.5597
field1_southeast,2025-09-01,NDVI,,
field1_southeast,2025-09-06,NDVI,,
field1_southeast,2025-09-11,NDVI,0.8919,0.8919
field1_southeast,2025-09-16,NDVI,0.8035,0.8035
field1_southeast,2025-09-21,NDVI,0.8021,0.8021
field1_southeast,2025-09-26,NDVI,0.8104,0.8104
field1_southeast,2025-10-01,NDVI,0.7591,0.7591
field1_southeast,2025-10-06,NDVI,0.6729,0.6729
field1_southeast,2025-10-11,NDVI,0.6017,0.6017
field1_southeast,2025-10-16,NDVI,0.5175,0.5175
field1_southeast,2025-10-21,NDVI,0.4066,0.4066
field1_southeast,2025-10-26,NDVI,0.2777,0.2777
field1_southeast,2025-10-31,NDVI,0.2556,0.2556
field1_southeast,2025-11-05,NDVI,0.2545,0.2545
field1_southeast,2025-11-10,NDVI,0.2042,0.2042
field1_southeast,2025-11-15,NDVI,0.1458,0.1458
field1_southeast,2025-11-20,NDVI,0.1492,0.1492
field1_southeast,2025-11-25,NDVI,0.1482,0.1482
field1_southeast,2025-11-30,NDVI,0.1389,0.1389
field1_southeast,2025-12-05,NDVI,0.1604,0.1604
field1_southeast,2025-12-10,NDVI,0.2027,0.2027
field1_southeast,2025-12-15,NDVI,0.2418,0.2418
field1_southeast,2025-12-20,NDVI,0.2809,0.2809
field1_southeast,2025-12-25,NDVI,0.32,0.32
field1_southeast,2025-12-30,NDVI,0.3591,0.3591
field1_southeast,2026-01-04,NDVI,0.3982,0.3982
field1_southeast,2026-01-09,NDVI,0.4474,0.4474
field1_southeast,2026-01-14,NDVI,0.5035,0.5035
field1_southeast,2026-01-19,NDVI,0.5596,0.5596
field1_southeast,2026-01-24,NDVI,0.587,0.587
field1_southeast,2026-01-29,NDVI,0.5954,0.5954
field1_southeast,2026-02-03,NDVI,0.6038,0.6038
field1_southeast,2026-02-08,NDVI,0.4701,0.4701
field1_southeast,2026-02-13,NDVI,0.2417,0.2417
field1_southeast,2026-02-18,NDVI,0.1625,0.1625
field1_southeast,2026-02-23,NDVI,0.1829,0.1829
field1_southeast,2026-02-28,NDVI,0.1821,0.1821
field1_southeast,2026-03-05,NDVI,0.1481,0.1481
field1_southeast,2026-03-10,NDVI,0.1638,0.1638
field1_southeast,2026-03-15,NDVI,0.2212,0.2212
field1_southeast,2026-03-20,NDVI,0.2787,0.2787
field1_southeast,2026-03-25,NDVI,0.3732,0.3732
field1_southeast,2026-03-30,NDVI,0.381,0.381
field1_southeast,2026-04-04,NDVI,0.3146,0.3146
field1_southeast,2026-04-09,NDVI,0.2773,0.2773
field1_southeast,2026-04-14,NDVI,0.2671,0.2671
field1_southeast,2026-04-19,NDVI,0.2857,0.2857
field1_southeast,2026-04-24,NDVI,0.2967,0.2967
field1_southeast,2026-04-29,NDVI,0.3763,0.3763
field1_southeast,2026-05-04,NDVI,0.4796,0.4796
field1_southeast,2026-05-09,NDVI,0.4846,0.4846
field1_southeast,2026-05-14,NDVI,0.4343,0.4343
field1_southeast,2026-05-19,NDVI,0.4023,0.4023
field1_southeast,2026-05-24,NDVI,0.4407,0.4407
field1_southeast,2026-05-29,NDVI,0.6093,0.6093
field1_southeast,2026-06-03,NDVI,0.7022,0.7022
field1_southeast,2026-06-08,NDVI,0.7351,0.7351
field1_southeast,2026-06-13,NDVI,0.7481,0.7481
field1_southeast,2026-06-18,NDVI,0.7611,0.7611
field1_southeast,2026-06-23,NDVI,0.7741,0.7741
field1_southeast,2026-06-28,NDVI,0.7736,0.7736
field1_southeast,2026-07-03,NDVI,0.7191,0.7191
field1_southeast,2026-07-08,NDVI,0.6647,0.6647
field1_southeast,2026-07-13,NDVI,0.6361,0.6361
field1_southeast,2026-07-18,NDVI,,
field1_southeast,2026-07-23,NDVI,,
field1_southeast,2026-07-28,NDVI,,
field1_southeast,2026-08-02,NDVI,,
field1_southeast,2026-08-07,NDVI,,
field1_southeast,2026-08-12,NDVI,,
field1_southeast,2026-08-17,NDVI,0.8203,0.8203
field1_southeast,2026-08-22,NDVI,0.7576,0.7576
field1_southeast,2026-08-27,NDVI,0.7389,0.7389
field1_southeast,2026-09-01,NDVI,0.7495,0.7495
field1_southeast,2026-09-06,NDVI,0.7788,0.7788
field1_southeast,2026-09-11,NDVI,0.7886,0.7886
field1_southeast,2026-09-16,NDVI,0.777,0.777
field1_southeast,2026-09-21,NDVI,0.7583,0.7583
field1_southeast,2025-09-01,NDWI,,
field1_southeast,2025-09-06,NDWI,,
field1_southeast,2025-09-11,NDWI,-0.7814,-0.7814
field1_southeast,2025-09-16,NDWI,-0.6942,-0.6942
field1_southeast,2025-09-21,NDWI,-0.6875,-0.6875
field1_southeast,2025-09-26,NDWI,-0.7091,-0.7091
field1_southeast,2025-10-01,NDWI,-0.6885,-0.6885
field1_southeast,2025-10-06,NDWI,-0.6066,-0.6066
field1_southeast,2025-10-11,NDWI,-0.5783,-0.5783
field1_southeast,2025-10-16,NDWI,-0.5555,-0.5555
field1_southeast,2025-10-21,NDWI,-0.4914,-0.4914
field1_southeast,2025-10-26,NDWI,-0.3861,-0.3861
field1_southeast,2025-10-31,NDWI,-0.3864,-0.3864
field1_southeast,2025-11-05,NDWI,-0.3991,-0.3991
field1_southeast,2025-11-10,NDWI,-0.3025,-0.3025
field1_southeast,2025-11-15,NDWI,-0.2252,-0.2252
field1_southeast,2025-11-20,NDWI,-0.248,-0.248
field1_southeast,2025-11-25,NDWI,-0.251,-0.251
field1_southeast,2025-11-30,NDWI,-0.23,-0.23
field1_southeast,2025-12-05,NDWI,-0.2443,-0.2443
field1_southeast,2025-12-10,NDWI,-0.2868,-0.2868
field1_southeast,2025-12-15,NDWI,-0.3019,-0.3019
field1_southeast,2025-12-20,NDWI,-0.3169,-0.3169
field1_southeast,2025-12-25,NDWI,-0.332,-0.332
field1_southeast,2025-12-30,NDWI,-0.347,-0.347
field1_southeast,2026-01-04,NDWI,-0.3621,-0.3621
field1_southeast,2026-01-09,NDWI,-0.4056,-0.4056
field1_southeast,2026-01-14,NDWI,-0.4682,-0.4682
field1_southeast,2026-01-19,NDWI,-0.5308,-0.5308
field1_southeast,2026-01-24,NDWI,-0.5612,-0.5612
field1_southeast,2026-01-29,NDWI,-0.5701,-0.5701
field1_southeast,2026-02-03,NDWI,-0.579,-0.579
field1_southeast,2026-02-08,NDWI,-0.4878,-0.4878
field1_southeast,2026-02-13,NDWI,-0.3297,-0.3297
field1_southeast,2026-02-18,NDWI,-0.2707,-0.2707
field1_southeast,2026-02-23,NDWI,-0.2777,-0.2777
field1_southeast,2026-02-28,NDWI,-0.2761,-0.2761
field1_southeast,2026-03-05,NDWI,-0.2592,-0.2592
field1_southeast,2026-03-10,NDWI,-0.265,-0.265
field1_southeast,2026-03-15,NDWI,-0.2899,-0.2899
field1_southeast,2026-03-20,NDWI,-0.3149,-0.3149
field1_southeast,2026-03-25,NDWI,-0.3748,-0.3748
field1_southeast,2026-03-30,NDWI,-0.3838,-0.3838
field1_southeast,2026-04-04,NDWI,-0.3433,-0.3433
field1_southeast,2026-04-09,NDWI,-0.3239,-0.3239
field1_southeast,2026-04-14,NDWI,-0.3027,-0.3027
field1_southeast,2026-04-19,NDWI,-0.3258,-0.3258
field1_southeast,2026-04-24,NDWI,-0.3441,-0.3441
field1_southeast,2026-04-29,NDWI,-0.3855,-0.3855
field1_southeast,2026-05-04,NDWI,-0.4515,-0.4515
field1_southeast,2026-05-09,NDWI,-0.4614,-0.4614
field1_southeast,2026-05-14,NDWI,-0.4326,-0.4326
field1_southeast,2026-05-19,NDWI,-0.4124,-0.4124
field1_southeast,2026-05-24,NDWI,-0.4312,-0.4312
field1_southeast,2026-05-29,NDWI,-0.5477,-0.5477
field1_southeast,2026-06-03,NDWI,-0.6188,-0.6188
field1_southeast,2026-06-08,NDWI,-0.6538,-0.6538
field1_southeast,2026-06-13,NDWI,-0.6664,-0.6664
field1_southeast,2026-06-18,NDWI,-0.679,-0.679
field1_southeast,2026-06-23,NDWI,-0.6916,-0.6916
field1_southeast,2026-06-28,NDWI,-0.693,-0.693
field1_southeast,2026-07-03,NDWI,-0.6494,-0.6494
field1_southeast,2026-07-08,NDWI,-0.6057,-0.6057
field1_southeast,2026-07-13,NDWI,-0.5949,-0.5949
field1_southeast,2026-07-18,NDWI,,
field1_southeast,2026-07-23,NDWI,,
field1_southeast,2026-07-28,NDWI,,
field1_southeast,2026-08-02,NDWI,,
field1_southeast,2026-08-07,NDWI,,
field1_southeast,2026-08-12,NDWI,,
field1_southeast,2026-08-17,NDWI,-0.7218,-0.7218
field1_southeast,2026-08-22,NDWI,-0.6649,-0.6649
field1_southeast,2026-08-27,NDWI,-0.6484,-0.6484
field1_southeast,2026-09-01,NDWI,-0.659,-0.659
field1_southeast,2026-09-06,NDWI,-0.6867,-0.6867
field1_southeast,2026-09-11,NDWI,-0.6961,-0.6961
field1_southeast,2026-09-16,NDWI,-0.6858,-0.6858
field1_southeast,2026-09-21,NDWI,-0.6704,-0.6704
field1_southeast,2025-09-01,NDMI,,
field1_southeast,2025-09-06,NDMI,,
field1_southeast,2025-09-11,NDMI,0.4334,0.4334
field1_southeast,2025-09-16,NDMI,0.4127,0.4127
field1_southeast,2025-09-21,NDMI,0.3981,0.3981
field1_southeast,2025-09-26,NDMI,0.377,0.377
field1_southeast,2025-10-01,NDMI,0.336,0.336
field1_southeast,2025-10-06,NDMI,0.3012,0.3012
field1_southeast,2025-10-11,NDMI,0.252,0.252
field1_southeast,2025-10-16,NDMI,0.178,0.178
field1_southeast,2025-10-21,NDMI,0.0639,0.0639
field1_southeast,2025-10-26,NDMI,-0.0799,-0.0799
field1_southeast,2025-10-31,NDMI,0.0434,0.0434
field1_southeast,2025-11-05,NDMI,-0.0051,-0.0051
field1_southeast,2025-11-10,NDMI,-0.0955,-0.0955
field1_southeast,2025-11-15,NDMI,-0.1046,-0.1046
field1_southeast,2025-11-20,NDMI,-0.1149,-0.1149
field1_southeast,2025-11-25,NDMI,-0.1281,-0.1281
field1_southeast,2025-11-30,NDMI,-0.1067,-0.1067
field1_southeast,2025-12-05,NDMI,-0.0854,-0.0854
field1_southeast,2025-12-10,NDMI,-0.0551,-0.0551
field1_southeast,2025-12-15,NDMI,-0.0055,-0.0055
field1_southeast,2025-12-20,NDMI,0.0441,0.0441
field1_southeast,2025-12-25,NDMI,0.0936,0.0936
field1_southeast,2025-12-30,NDMI,0.1432,0.1432
field1_southeast,2026-01-04,NDMI,0.1928,0.1928
field1_southeast,2026-01-09,NDMI,0.2163,0.2163
field1_southeast,2026-01-14,NDMI,0.2225,0.2225
field1_southeast,2026-01-19,NDMI,0.2287,0.2287
field1_southeast,2026-01-24,NDMI,0.2354,0.2354
field1_southeast,2026-01-29,NDMI,0.2425,0.2425
field1_southeast,2026-02-03,NDMI,0.2496,0.2496
field1_southeast,2026-02-08,NDMI,0.1496,0.1496
field1_southeast,2026-02-13,NDMI,-0.0216,-0.0216
field1_southeast,2026-02-18,NDMI,-0.0844,-0.0844
field1_southeast,2026-02-23,NDMI,-0.075,-0.075
field1_southeast,2026-02-28,NDMI,-0.0798,-0.0798
field1_southeast,2026-03-05,NDMI,-0.1044,-0.1044
field1_southeast,2026-03-10,NDMI,-0.0973,-0.0973
field1_southeast,2026-03-15,NDMI,-0.0647,-0.0647
field1_southeast,2026-03-20,NDMI,-0.0321,-0.0321
field1_southeast,2026-03-25,NDMI,0.0274,0.0274
field1_southeast,2026-03-30,NDMI,0.0477,0.0477
field1_southeast,2026-04-04,NDMI,0.0299,0.0299
field1_southeast,2026-04-09,NDMI,0.0128,0.0128
field1_southeast,2026-04-14,NDMI,-0.0362,-0.0362
field1_southeast,2026-04-19,NDMI,-0.0619,-0.0619
field1_southeast,2026-04-24,NDMI,-0.0814,-0.0814
field1_southeast,2026-04-29,NDMI,-0.0335,-0.0335
field1_southeast,2026-05-04,NDMI,0.0393,0.0393
field1_southeast,2026-05-09,NDMI,0.0509,0.0509
field1_southeast,2026-05-14,NDMI,0.0274,0.0274
field1_southeast,2026-05-19,NDMI,0.0249,0.0249
field1_southeast,2026-05-24,NDMI,0.0668,0.0668
field1_southeast,2026-05-29,NDMI,0.1273,0.1273
field1_southeast,2026-06-03,NDMI,0.1711,0.1711
field1_southeast,2026-06-08,NDMI,0.2004,0.2004
field1_southeast,2026-06-13,NDMI,0.2199,0.2199
field1_southeast,2026-06-18,NDMI,0.2395,0.2395
field1_southeast,2026-06-23,NDMI,0.259,0.259
field1_southeast,2026-06-28,NDMI,0.2761,0.2761
field1_southeast,2026-07-03,NDMI,0.2839,0.2839
field1_southeast,2026-07-08,NDMI,0.2916,0.2916
field1_southeast,2026-07-13,NDMI,0.2879,0.2879
field1_southeast,2026-07-18,NDMI,,
field1_southeast,2026-07-23,NDMI,,
field1_southeast,2026-07-28,NDMI,,
field1_southeast,2026-08-02,NDMI,,
field1_southeast,2026-08-07,NDMI,,
field1_southeast,2026-08-12,NDMI,,
field1_southeast,2026-08-17,NDMI,0.3997,0.3997
field1_southeast,2026-08-22,NDMI,0.368,0.368
field1_southeast,2026-08-27,NDMI,0.3618,0.3618
field1_southeast,2026-09-01,NDMI,0.3725,0.3725
field1_southeast,2026-09-06,NDMI,0.3583,0.3583
field1_southeast,2026-09-11,NDMI,0.345,0.345
field1_southeast,2026-09-16,NDMI,0.3433,0.3433
field1_southeast,2026-09-21,NDMI,0.3336,0.3336
field1_southeast,2025-09-01,EVI,,
field1_southeast,2025-09-06,EVI,,
field1_southeast,2025-09-11,EVI,0.6357,0.6357
field1_southeast,2025-09-16,EVI,0.6839,0.6839
field1_southeast,2025-09-21,EVI,0.6785,0.6785
field1_southeast,2025-09-26,EVI,0.5923,0.5923
field1_southeast,2025-10-01,EVI,0.5054,0.5054
field1_southeast,2025-10-06,EVI,0.4945,0.4945
field1_southeast,2025-10-11,EVI,0.4443,0.4443
field1_southeast,2025-10-16,EVI,0.3514,0.3514
field1_southeast,2025-10-21,EVI,0.2689,0.2689
field1_southeast,2025-10-26,EVI,0.2096,0.2096
field1_southeast,2025-10-31,EVI,0.1689,0.1689
field1_southeast,2025-11-05,EVI,0.1545,0.1545
field1_southeast,2025-11-10,EVI,0.1396,0.1396
field1_southeast,2025-11-15,EVI,0.0924,0.0924
field1_southeast,2025-11-20,EVI,0.0914,0.0914
field1_southeast,2025-11-25,EVI,0.0863,0.0863
field1_southeast,2025-11-30,EVI,0.0872,0.0872
field1_southeast,2025-12-05,EVI,0.1005,0.1005
field1_southeast,2025-12-10,EVI,0.1362,0.1362
field1_southeast,2025-12-15,EVI,0.1905,0.1905
field1_southeast,2025-12-20,EVI,0.2448,0.2448
field1_southeast,2025-12-25,EVI,0.299,0.299
field1_southeast,2025-12-30,EVI,0.3532,0.3532
field1_southeast,2026-01-04,EVI,0.4075,0.4075
field1_southeast,2026-01-09,EVI,0.4276,0.4276
field1_southeast,2026-01-14,EVI,0.4249,0.4249
field1_southeast,2026-01-19,EVI,0.4223,0.4223
field1_southeast,2026-01-24,EVI,0.4281,0.4281
field1_southeast,2026-01-29,EVI,0.4395,0.4395
field1_southeast,2026-02-03,EVI,0.4509,0.4509
field1_southeast,2026-02-08,EVI,0.3455,0.3455
field1_southeast,2026-02-13,EVI,0.1621,0.1621
field1_southeast,2026-02-18,EVI,0.0986,0.0986
field1_southeast,2026-02-23,EVI,0.115,0.115
field1_southeast,2026-02-28,EVI,0.1049,0.1049
field1_southeast,2026-03-05,EVI,0.0791,0.0791
field1_southeast,2026-03-10,EVI,0.1026,0.1026
field1_southeast,2026-03-15,EVI,0.158,0.158
field1_southeast,2026-03-20,EVI,0.2134,0.2134
field1_southeast,2026-03-25,EVI,0.2829,0.2829
field1_southeast,2026-03-30,EVI,0.2805,0.2805
field1_southeast,2026-04-04,EVI,0.2239,0.2239
field1_southeast,2026-04-09,EVI,0.1872,0.1872
field1_southeast,2026-04-14,EVI,0.1964,0.1964
field1_southeast,2026-04-19,EVI,0.2137,0.2137
field1_southeast,2026-04-24,EVI,0.2203,0.2203
field1_southeast,2026-04-29,EVI,0.2508,0.2508
field1_southeast,2026-05-04,EVI,0.3195,0.3195
field1_southeast,2026-05-09,EVI,0.3161,0.3161
field1_southeast,2026-05-14,EVI,0.2597,0.2597
field1_southeast,2026-05-19,EVI,0.2754,0.2754
field1_southeast,2026-05-24,EVI,0.3056,0.3056
field1_southeast,2026-05-29,EVI,0.4123,0.4123
field1_southeast,2026-06-03,EVI,0.4787,0.4787
field1_southeast,2026-06-08,EVI,0.4841,0.4841
field1_southeast,2026-06-13,EVI,0.4946,0.4946
field1_southeast,2026-06-18,EVI,0.505,0.505
field1_southeast,2026-06-23,EVI,0.5155,0.5155
field1_southeast,2026-06-28,EVI,0.5212,0.5212
field1_southeast,2026-07-03,EVI,0.5076,0.5076
field1_southeast,2026-07-08,EVI,0.494,0.494
field1_southeast,2026-07-13,EVI,0.4653,0.4653
field1_southeast,2026-07-18,EVI,,
field1_southeast,2026-07-23,EVI,,
field1_southeast,2026-07-28,EVI,,
field1_southeast,2026-08-02,EVI,,
field1_southeast,2026-08-07,EVI,,
field1_southeast,2026-08-12,EVI,,
field1_southeast,2026-08-17,EVI,0.6366,0.6366
field1_southeast,2026-08-22,EVI,0.6314,0.6314
field1_southeast,2026-08-27,EVI,0.6425,0.6425
field1_southeast,2026-09-01,EVI,0.6644,0.6644
field1_southeast,2026-09-06,EVI,0.6643,0.6643
field1_southeast,2026-09-11,EVI,0.6547,0.6547
field1_southeast,2026-09-16,EVI,0.6487,0.6487
field1_southeast,2026-09-21,EVI,0.6142,0.6142
field1_southeast,2025-09-01,NDRE,,
field1_southeast,2025-09-06,NDRE,,
field1_southeast,2025-09-11,NDRE,0.6789,0.6789
field1_southeast,2025-09-16,NDRE,0.568,0.568
field1_southeast,2025-09-21,NDRE,0.5563,0.5563
field1_southeast,2025-09-26,NDRE,0.51,0.51
field1_southeast,2025-10-01,NDRE,0.4684,0.4684
field1_southeast,2025-10-06,NDRE,0.3566,0.3566
field1_southeast,2025-10-11,NDRE,0.3107,0.3107
field1_southeast,2025-10-16,NDRE,0.2736,0.2736
field1_southeast,2025-10-21,NDRE,0.2407,0.2407
field1_southeast,2025-10-26,NDRE,0.1818,0.1818
field1_southeast,2025-10-31,NDRE,0.1705,0.1705
field1_southeast,2025-11-05,NDRE,0.168,0.168
field1_southeast,2025-11-10,NDRE,0.1359,0.1359
field1_southeast,2025-11-15,NDRE,0.1006,0.1006
field1_southeast,2025-11-20,NDRE,0.0961,0.0961
field1_southeast,2025-11-25,NDRE,0.0889,0.0889
field1_southeast,2025-11-30,NDRE,0.0782,0.0782
field1_southeast,2025-12-05,NDRE,0.0909,0.0909
field1_southeast,2025-12-10,NDRE,0.1203,0.1203
field1_southeast,2025-12-15,NDRE,0.1427,0.1427
field1_southeast,2025-12-20,NDRE,0.1652,0.1652
field1_southeast,2025-12-25,NDRE,0.1877,0.1877
field1_southeast,2025-12-30,NDRE,0.2101,0.2101
field1_southeast,2026-01-04,NDRE,0.2326,0.2326
field1_southeast,2026-01-09,NDRE,0.2663,0.2663
field1_southeast,2026-01-14,NDRE,0.3075,0.3075
field1_southeast,2026-01-19,NDRE,0.3487,0.3487
field1_southeast,2026-01-24,NDRE,0.3623,0.3623
field1_southeast,2026-01-29,NDRE,0.3576,0.3576
field1_southeast,2026-02-03,NDRE,0.3528,0.3528
field1_southeast,2026-02-08,NDRE,0.2782,0.2782
field1_southeast,2026-02-13,NDRE,0.1569,0.1569
field1_southeast,2026-02-18,NDRE,0.1163,0.1163
field1_southeast,2026-02-23,NDRE,0.1294,0.1294
field1_southeast,2026-02-28,NDRE,0.1295,0.1295
field1_southeast,2026-03-05,NDRE,0.0968,0.0968
field1_southeast,2026-03-10,NDRE,0.0945,0.0945
field1_southeast,2026-03-15,NDRE,0.1233,0.1233
field1_southeast,2026-03-20,NDRE,0.152,0.152
field1_southeast,2026-03-25,NDRE,0.2083,0.2083
field1_southeast,2026-03-30,NDRE,0.2113,0.2113
field1_southeast,2026-04-04,NDRE,0.1666,0.1666
field1_southeast,2026-04-09,NDRE,0.1638,0.1638
field1_southeast,2026-04-14,NDRE,0.155,0.155
field1_southeast,2026-04-19,NDRE,0.1716,0.1716
field1_southeast,2026-04-24,NDRE,0.1892,0.1892
field1_southeast,2026-04-29,NDRE,0.2537,0.2537
field1_southeast,2026-05-04,NDRE,0.315,0.315
field1_southeast,2026-05-09,NDRE,0.3136,0.3136
field1_southeast,2026-05-14,NDRE,0.2877,0.2877
field1_southeast,2026-05-19,NDRE,0.278,0.278
field1_southeast,2026-05-24,NDRE,0.2952,0.2952
field1_southeast,2026-05-29,NDRE,0.4267,0.4267
field1_southeast,2026-06-03,NDRE,0.4989,0.4989
field1_southeast,2026-06-08,NDRE,0.5098,0.5098
field1_southeast,2026-06-13,NDRE,0.5266,0.5266
field1_southeast,2026-06-18,NDRE,0.5433,0.5433
field1_southeast,2026-06-23,NDRE,0.56,0.56
field1_southeast,2026-06-28,NDRE,0.5677,0.5677
field1_southeast,2026-07-03,NDRE,0.539,0.539
field1_southeast,2026-07-08,NDRE,0.5104,0.5104
field1_southeast,2026-07-13,NDRE,0.4796,0.4796
field1_southeast,2026-07-18,NDRE,,
field1_southeast,2026-07-23,NDRE,,
field1_southeast,2026-07-28,NDRE,,
field1_southeast,2026-08-02,NDRE,,
field1_southeast,2026-08-07,NDRE,,
field1_southeast,2026-08-12,NDRE,,
field1_southeast,2026-08-17,NDRE,0.6205,0.6205
field1_southeast,2026-08-22,NDRE,0.57,0.57
field1_southeast,2026-08-27,NDRE,0.5541,0.5541
field1_southeast,2026-09-01,NDRE,0.5614,0.5614
field1_southeast,2026-09-06,NDRE,0.5864,0.5864
field1_southeast,2026-09-11,NDRE,0.593,0.593
field1_southeast,2026-09-16,NDRE,0.5794,0.5794
field1_southeast,2026-09-21,NDRE,0.5418,0.5418
