band,wavelength_nm,pixel_m,Wheat field (2026-03-07),Same field after harvest (2026-05-21),Ravi river at Shahdara (2026-03-02),Walled City rooftops (2026-03-02),Cloud over the farmland (2026-01-08)
B01,443,60,0.0024,0.1182,0.0126,0.0539,0.8076
B02,490,10,0.0081,0.1531,0.0314,0.0607,0.6888
B03,560,10,0.0419,0.1997,0.0540,0.0724,0.6984
B04,665,10,0.0147,0.2496,0.0641,0.0818,0.7216
B05,704,20,0.0951,0.2705,0.0762,0.1141,0.8226
B06,740,20,0.3490,0.2818,0.0395,0.1123,0.8374
B07,783,20,0.4641,0.2981,0.0428,0.1246,0.8600
B08,842,10,0.4709,0.2891,0.0363,0.1024,0.7656
B8A,865,20,0.4747,0.2998,0.0265,0.1280,0.8698
B09,945,60,0.4434,0.3052,0.0515,0.1318,0.3317
B11,1610,20,0.1420,0.3556,0.0192,0.1732,0.6815
B12,2190,20,0.0660,0.3417,0.0238,0.1697,0.5068
