field,true,pred,block,confidence,label
g0001,wheat,wheat,strip_1,medium,wheat
g0609,wheat,wheat,strip_5,low,wheat
g0806,wheat,wheat,strip_4,low,wheat
g0807,other_crop,other_crop,strip_4,medium,short_winter
g0808,other_crop,other_crop,strip_5,medium,sugarcane
g0906,wheat,wheat,strip_4,high,wheat
g0002,wheat,wheat,strip_2,low,wheat
g0004,other_crop,other_crop,strip_3,low,short_winter
g0005,not_cropped,not_cropped,strip_3,low,non_crop
g0006,other_crop,other_crop,strip_4,low,other_winter
g0007,wheat,wheat,strip_4,medium,wheat
g0008,not_cropped,not_cropped,strip_5,medium,non_crop
g0100,not_cropped,not_cropped,strip_1,high,non_crop
g0102,wheat,wheat,strip_2,low,wheat
g0103,other_crop,other_crop,strip_2,medium,other_winter
g0104,wheat,wheat,strip_3,medium,wheat
g0105,wheat,wheat,strip_3,high,wheat
g0106,wheat,wheat,strip_4,medium,wheat
g0107,wheat,wheat,strip_4,medium,wheat
g0108,other_crop,other_crop,strip_5,medium,other_winter
g0109,other_crop,other_crop,strip_5,low,other_winter
g0201,other_crop,other_crop,strip_1,medium,orchard
g0203,wheat,wheat,strip_2,medium,wheat
g0205,other_crop,other_crop,strip_3,medium,other_winter
g0207,wheat,wheat,strip_4,medium,wheat
g0208,wheat,wheat,strip_5,high,wheat
g0209,wheat,wheat,strip_5,high,wheat
g0300,wheat,wheat,strip_1,medium,wheat
g0301,wheat,wheat,strip_1,medium,wheat
g0304,not_cropped,not_cropped,strip_3,high,non_crop
g0305,wheat,wheat,strip_3,high,wheat
g0308,wheat,wheat,strip_5,high,wheat
g0400,wheat,wheat,strip_1,high,wheat
g0401,other_crop,other_crop,strip_1,low,short_winter
g0403,wheat,wheat,strip_2,high,wheat
g0407,wheat,wheat,strip_4,medium,wheat
g0500,not_cropped,not_cropped,strip_1,medium,non_crop
g0502,wheat,wheat,strip_2,high,wheat
g0504,wheat,wheat,strip_3,medium,wheat
g0505,wheat,wheat,strip_3,high,wheat
g0506,other_crop,other_crop,strip_4,low,other_winter
g0601,wheat,wheat,strip_1,high,wheat
g0602,wheat,wheat,strip_2,high,wheat
g0603,wheat,wheat,strip_2,high,wheat
g0604,other_crop,other_crop,strip_3,medium,short_winter
g0606,wheat,wheat,strip_4,high,wheat
g0607,other_crop,other_crop,strip_4,low,other_winter
g0608,other_crop,wheat,strip_5,medium,short_winter
g0700,wheat,wheat,strip_1,medium,wheat
g0702,wheat,wheat,strip_2,medium,wheat
g0703,wheat,wheat,strip_2,high,wheat
g0704,wheat,wheat,strip_3,low,wheat
g0705,wheat,wheat,strip_3,medium,wheat
g0708,wheat,wheat,strip_5,high,wheat
g0801,other_crop,other_crop,strip_1,low,other_winter
g0900,wheat,wheat,strip_1,high,wheat
g0901,wheat,wheat,strip_1,high,wheat
g0902,wheat,wheat,strip_2,medium,wheat
g0903,wheat,wheat,strip_2,high,wheat
g0909,wheat,wheat,strip_5,medium,wheat
g0101,other_crop,other_crop,strip_1,medium,other_winter
g0309,wheat,wheat,strip_5,medium,wheat
g0509,wheat,wheat,strip_5,low,wheat
g0307,other_crop,other_crop,strip_4,medium,short_winter
g0706,wheat,wheat,strip_4,medium,wheat
g0802,not_cropped,not_cropped,strip_2,medium,fallow
g0904,wheat,wheat,strip_3,high,wheat
g0908,not_cropped,not_cropped,strip_5,medium,non_crop
