features,model,spatial_acc,spatial_bal,random_acc,random_bal,gap_bal,strip_min,strip_max,recall_not_cropped,recall_other_crop,recall_wheat
A,baseline,0.647,0.333,0.647,0.333,0.0,0.571,0.846,0.0,0.0,1.0
A,logistic,0.985,0.98,0.965,0.965,-0.015,0.929,1.0,1.0,0.941,1.0
A,svm_rbf,0.985,0.98,0.971,0.968,-0.012,0.929,1.0,1.0,0.941,1.0
A,random_forest,0.941,0.922,0.962,0.948,0.027,0.846,1.0,1.0,0.765,1.0
A,grad_boost,0.985,0.98,0.962,0.91,-0.071,0.929,1.0,1.0,0.941,1.0
B,baseline,0.647,0.333,0.647,0.333,0.0,0.571,0.846,0.0,0.0,1.0
B,logistic,0.985,0.98,0.956,0.96,-0.02,0.929,1.0,1.0,0.941,1.0
B,svm_rbf,0.956,0.965,0.935,0.94,-0.025,0.857,1.0,1.0,0.941,0.955
B,random_forest,0.985,0.98,0.965,0.967,-0.013,0.929,1.0,1.0,0.941,1.0
B,grad_boost,0.985,0.98,0.982,0.976,-0.004,0.929,1.0,1.0,0.941,1.0
