field,role,label,map,pixels,same_class_share
g0000,test,not_cropped,other_crop,57,1.0
g0001,train,wheat,wheat,18,1.0
g0002,train,wheat,wheat,78,0.83
g0003,test,not_cropped,not_cropped,14,0.5
g0004,train,other_crop,other_crop,12,1.0
g0005,train,not_cropped,not_cropped,22,1.0
g0006,train,other_crop,other_crop,39,0.97
g0007,train,wheat,wheat,35,1.0
g0008,train,not_cropped,not_cropped,67,1.0
g0009,test,other_crop,other_crop,14,1.0
g0100,train,not_cropped,not_cropped,1490,1.0
g0101,train,other_crop,other_crop,28,1.0
g0102,train,wheat,wheat,43,0.98
g0103,train,other_crop,other_crop,23,0.83
g0104,train,wheat,uncertain,24,0.67
g0105,train,wheat,wheat,44,1.0
g0106,train,wheat,wheat,80,1.0
g0107,train,wheat,wheat,24,1.0
g0108,train,other_crop,other_crop,18,1.0
g0109,train,other_crop,other_crop,27,1.0
g0200,test,not_cropped,not_cropped,1927,1.0
g0201,train,other_crop,other_crop,13,0.77
g0202,test,not_cropped,uncertain,7,0.71
g0203,train,wheat,wheat,36,1.0
g0204,test,wheat,wheat,24,1.0
g0205,train,other_crop,other_crop,38,0.97
g0206,test,other_crop,other_crop,25,0.64
g0207,train,wheat,wheat,19,0.95
g0208,train,wheat,wheat,36,1.0
g0209,train,wheat,wheat,15,1.0
g0300,train,wheat,wheat,18,1.0
g0301,train,wheat,wheat,75,0.8
g0302,train,unknown,uncertain,9,0.78
g0303,test,wheat,wheat,305,0.8
g0304,train,not_cropped,not_cropped,1145,1.0
g0305,train,wheat,wheat,81,1.0
g0306,test,unknown,other_crop,146,1.0
g0307,train,other_crop,other_crop,65,1.0
g0308,train,wheat,wheat,51,1.0
g0309,train,wheat,wheat,51,1.0
g0400,train,wheat,wheat,33,1.0
g0401,train,other_crop,other_crop,10,0.8
g0402,test,wheat,wheat,51,1.0
g0403,train,wheat,wheat,11,1.0
g0404,test,wheat,wheat,84,1.0
g0405,train,unknown,other_crop,409,1.0
g0406,test,not_cropped,not_cropped,18,1.0
g0407,train,wheat,wheat,20,0.9
g0408,test,wheat,wheat,51,1.0
g0409,test,wheat,wheat,59,0.97
g0500,train,not_cropped,not_cropped,67,1.0
g0501,test,wheat,wheat,15,1.0
g0502,train,wheat,wheat,52,1.0
g0503,test,wheat,wheat,147,1.0
g0504,train,wheat,wheat,71,0.97
g0505,train,wheat,wheat,100,1.0
g0506,train,other_crop,other_crop,10,0.7
g0507,test,not_cropped,not_cropped,51,1.0
g0508,test,unknown,other_crop,26,1.0
g0509,train,wheat,wheat,34,1.0
g0600,test,other_crop,wheat,181,0.86
g0601,train,wheat,wheat,232,1.0
g0602,train,wheat,wheat,39,1.0
g0603,train,wheat,wheat,12,0.58
g0604,train,other_crop,other_crop,245,1.0
g0605,test,unknown,uncertain,92,0.8
g0606,train,wheat,wheat,139,1.0
g0607,train,other_crop,other_crop,9,1.0
g0608,train,other_crop,uncertain,39,0.64
g0609,train,wheat,wheat,75,1.0
g0700,train,wheat,wheat,25,1.0
g0701,test,wheat,wheat,115,1.0
g0702,train,wheat,wheat,35,1.0
g0703,train,wheat,wheat,39,1.0
g0704,train,wheat,wheat,97,0.94
g0705,train,wheat,wheat,56,1.0
g0706,train,wheat,wheat,77,1.0
g0707,test,wheat,wheat,96,1.0
g0708,train,wheat,wheat,53,1.0
g0709,test,wheat,wheat,23,1.0
g0800,test,wheat,wheat,101,0.99
g0801,train,other_crop,other_crop,27,0.48
g0802,train,not_cropped,not_cropped,92,0.98
g0803,test,wheat,wheat,58,0.79
g0804,test,other_crop,other_crop,9,1.0
g0805,test,wheat,wheat,88,1.0
g0806,train,wheat,wheat,37,1.0
g0807,train,other_crop,other_crop,38,0.92
g0808,train,other_crop,other_crop,44,1.0
g0809,test,wheat,wheat,59,1.0
g0900,train,wheat,wheat,19,0.74
g0901,train,wheat,wheat,16,1.0
g0902,train,wheat,wheat,176,1.0
g0903,train,wheat,wheat,56,0.95
g0904,train,wheat,wheat,38,0.97
g0905,test,wheat,wheat,157,1.0
g0906,train,wheat,wheat,23,1.0
g0907,test,wheat,wheat,22,1.0
g0908,train,not_cropped,not_cropped,109,0.94
g0909,train,wheat,wheat,12,0.67
