model,field,strip,true,pred
logistic,g0001,strip_1,wheat,wheat
logistic,g0100,strip_1,not_cropped,not_cropped
logistic,g0101,strip_1,other_crop,other_crop
logistic,g0201,strip_1,other_crop,other_crop
logistic,g0300,strip_1,wheat,wheat
logistic,g0301,strip_1,wheat,wheat
logistic,g0400,strip_1,wheat,wheat
logistic,g0401,strip_1,other_crop,other_crop
logistic,g0500,strip_1,not_cropped,not_cropped
logistic,g0601,strip_1,wheat,wheat
logistic,g0700,strip_1,wheat,wheat
logistic,g0801,strip_1,other_crop,other_crop
logistic,g0900,strip_1,wheat,wheat
logistic,g0901,strip_1,wheat,wheat
logistic,g0002,strip_2,wheat,wheat
logistic,g0102,strip_2,wheat,wheat
logistic,g0103,strip_2,other_crop,other_crop
logistic,g0203,strip_2,wheat,wheat
logistic,g0403,strip_2,wheat,wheat
logistic,g0502,strip_2,wheat,wheat
logistic,g0602,strip_2,wheat,wheat
logistic,g0603,strip_2,wheat,wheat
logistic,g0702,strip_2,wheat,wheat
logistic,g0703,strip_2,wheat,wheat
logistic,g0802,strip_2,not_cropped,not_cropped
logistic,g0902,strip_2,wheat,wheat
logistic,g0903,strip_2,wheat,wheat
logistic,g0004,strip_3,other_crop,other_crop
logistic,g0005,strip_3,not_cropped,not_cropped
logistic,g0104,strip_3,wheat,wheat
logistic,g0105,strip_3,wheat,wheat
logistic,g0205,strip_3,other_crop,other_crop
logistic,g0304,strip_3,not_cropped,not_cropped
logistic,g0305,strip_3,wheat,wheat
logistic,g0504,strip_3,wheat,wheat
logistic,g0505,strip_3,wheat,wheat
logistic,g0604,strip_3,other_crop,other_crop
logistic,g0704,strip_3,wheat,wheat
logistic,g0705,strip_3,wheat,wheat
logistic,g0904,strip_3,wheat,wheat
logistic,g0006,strip_4,other_crop,other_crop
logistic,g0007,strip_4,wheat,wheat
logistic,g0106,strip_4,wheat,wheat
logistic,g0107,strip_4,wheat,wheat
logistic,g0207,strip_4,wheat,wheat
logistic,g0307,strip_4,other_crop,other_crop
logistic,g0407,strip_4,wheat,wheat
logistic,g0506,strip_4,other_crop,other_crop
logistic,g0606,strip_4,wheat,wheat
logistic,g0607,strip_4,other_crop,other_crop
logistic,g0706,strip_4,wheat,wheat
logistic,g0806,strip_4,wheat,wheat
logistic,g0807,strip_4,other_crop,other_crop
logistic,g0906,strip_4,wheat,wheat
logistic,g0008,strip_5,not_cropped,not_cropped
logistic,g0108,strip_5,other_crop,other_crop
logistic,g0109,strip_5,other_crop,other_crop
logistic,g0208,strip_5,wheat,wheat
logistic,g0209,strip_5,wheat,wheat
logistic,g0308,strip_5,wheat,wheat
logistic,g0309,strip_5,wheat,wheat
logistic,g0509,strip_5,wheat,wheat
logistic,g0608,strip_5,other_crop,wheat
logistic,g0609,strip_5,wheat,wheat
logistic,g0708,strip_5,wheat,wheat
logistic,g0808,strip_5,other_crop,other_crop
logistic,g0908,strip_5,not_cropped,not_cropped
logistic,g0909,strip_5,wheat,wheat
sparse,g0001,strip_1,wheat,wheat
sparse,g0100,strip_1,not_cropped,not_cropped
sparse,g0101,strip_1,other_crop,other_crop
sparse,g0201,strip_1,other_crop,other_crop
sparse,g0300,strip_1,wheat,wheat
sparse,g0301,strip_1,wheat,wheat
sparse,g0400,strip_1,wheat,wheat
sparse,g0401,strip_1,other_crop,other_crop
sparse,g0500,strip_1,not_cropped,not_cropped
sparse,g0601,strip_1,wheat,wheat
sparse,g0700,strip_1,wheat,wheat
sparse,g0801,strip_1,other_crop,wheat
sparse,g0900,strip_1,wheat,wheat
sparse,g0901,strip_1,wheat,wheat
sparse,g0002,strip_2,wheat,other_crop
sparse,g0102,strip_2,wheat,wheat
sparse,g0103,strip_2,other_crop,other_crop
sparse,g0203,strip_2,wheat,wheat
sparse,g0403,strip_2,wheat,wheat
sparse,g0502,strip_2,wheat,wheat
sparse,g0602,strip_2,wheat,wheat
sparse,g0603,strip_2,wheat,other_crop
sparse,g0702,strip_2,wheat,wheat
sparse,g0703,strip_2,wheat,wheat
sparse,g0802,strip_2,not_cropped,not_cropped
sparse,g0902,strip_2,wheat,wheat
sparse,g0903,strip_2,wheat,wheat
sparse,g0004,strip_3,other_crop,other_crop
sparse,g0005,strip_3,not_cropped,not_cropped
sparse,g0104,strip_3,wheat,wheat
sparse,g0105,strip_3,wheat,not_cropped
sparse,g0205,strip_3,other_crop,other_crop
sparse,g0304,strip_3,not_cropped,not_cropped
sparse,g0305,strip_3,wheat,wheat
sparse,g0504,strip_3,wheat,wheat
sparse,g0505,strip_3,wheat,wheat
sparse,g0604,strip_3,other_crop,other_crop
sparse,g0704,strip_3,wheat,wheat
sparse,g0705,strip_3,wheat,wheat
sparse,g0904,strip_3,wheat,other_crop
sparse,g0006,strip_4,other_crop,other_crop
sparse,g0007,strip_4,wheat,wheat
sparse,g0106,strip_4,wheat,wheat
sparse,g0107,strip_4,wheat,wheat
sparse,g0207,strip_4,wheat,wheat
sparse,g0307,strip_4,other_crop,other_crop
sparse,g0407,strip_4,wheat,wheat
sparse,g0506,strip_4,other_crop,other_crop
sparse,g0606,strip_4,wheat,wheat
sparse,g0607,strip_4,other_crop,other_crop
sparse,g0706,strip_4,wheat,wheat
sparse,g0806,strip_4,wheat,wheat
sparse,g0807,strip_4,other_crop,wheat
sparse,g0906,strip_4,wheat,wheat
sparse,g0008,strip_5,not_cropped,not_cropped
sparse,g0108,strip_5,other_crop,other_crop
sparse,g0109,strip_5,other_crop,other_crop
sparse,g0208,strip_5,wheat,wheat
sparse,g0209,strip_5,wheat,wheat
sparse,g0308,strip_5,wheat,wheat
sparse,g0309,strip_5,wheat,other_crop
sparse,g0509,strip_5,wheat,wheat
sparse,g0608,strip_5,other_crop,wheat
sparse,g0609,strip_5,wheat,wheat
sparse,g0708,strip_5,wheat,wheat
sparse,g0808,strip_5,other_crop,other_crop
sparse,g0908,strip_5,not_cropped,not_cropped
sparse,g0909,strip_5,wheat,other_crop
pseudo,g0001,strip_1,wheat,wheat
pseudo,g0100,strip_1,not_cropped,not_cropped
pseudo,g0101,strip_1,other_crop,other_crop
pseudo,g0201,strip_1,other_crop,other_crop
pseudo,g0300,strip_1,wheat,wheat
pseudo,g0301,strip_1,wheat,wheat
pseudo,g0400,strip_1,wheat,wheat
pseudo,g0401,strip_1,other_crop,other_crop
pseudo,g0500,strip_1,not_cropped,not_cropped
pseudo,g0601,strip_1,wheat,wheat
pseudo,g0700,strip_1,wheat,wheat
pseudo,g0801,strip_1,other_crop,other_crop
pseudo,g0900,strip_1,wheat,wheat
pseudo,g0901,strip_1,wheat,wheat
pseudo,g0002,strip_2,wheat,wheat
pseudo,g0102,strip_2,wheat,wheat
pseudo,g0103,strip_2,other_crop,other_crop
pseudo,g0203,strip_2,wheat,wheat
pseudo,g0403,strip_2,wheat,wheat
pseudo,g0502,strip_2,wheat,wheat
pseudo,g0602,strip_2,wheat,wheat
pseudo,g0603,strip_2,wheat,wheat
pseudo,g0702,strip_2,wheat,wheat
pseudo,g0703,strip_2,wheat,wheat
pseudo,g0802,strip_2,not_cropped,not_cropped
pseudo,g0902,strip_2,wheat,wheat
pseudo,g0903,strip_2,wheat,wheat
pseudo,g0004,strip_3,other_crop,other_crop
pseudo,g0005,strip_3,not_cropped,not_cropped
pseudo,g0104,strip_3,wheat,wheat
pseudo,g0105,strip_3,wheat,wheat
pseudo,g0205,strip_3,other_crop,other_crop
pseudo,g0304,strip_3,not_cropped,not_cropped
pseudo,g0305,strip_3,wheat,wheat
pseudo,g0504,strip_3,wheat,wheat
pseudo,g0505,strip_3,wheat,wheat
pseudo,g0604,strip_3,other_crop,other_crop
pseudo,g0704,strip_3,wheat,wheat
pseudo,g0705,strip_3,wheat,wheat
pseudo,g0904,strip_3,wheat,wheat
pseudo,g0006,strip_4,other_crop,other_crop
pseudo,g0007,strip_4,wheat,wheat
pseudo,g0106,strip_4,wheat,wheat
pseudo,g0107,strip_4,wheat,wheat
pseudo,g0207,strip_4,wheat,wheat
pseudo,g0307,strip_4,other_crop,other_crop
pseudo,g0407,strip_4,wheat,wheat
pseudo,g0506,strip_4,other_crop,other_crop
pseudo,g0606,strip_4,wheat,wheat
pseudo,g0607,strip_4,other_crop,other_crop
pseudo,g0706,strip_4,wheat,wheat
pseudo,g0806,strip_4,wheat,wheat
pseudo,g0807,strip_4,other_crop,other_crop
pseudo,g0906,strip_4,wheat,wheat
pseudo,g0008,strip_5,not_cropped,not_cropped
pseudo,g0108,strip_5,other_crop,other_crop
pseudo,g0109,strip_5,other_crop,other_crop
pseudo,g0208,strip_5,wheat,wheat
pseudo,g0209,strip_5,wheat,wheat
pseudo,g0308,strip_5,wheat,wheat
pseudo,g0309,strip_5,wheat,wheat
pseudo,g0509,strip_5,wheat,wheat
pseudo,g0608,strip_5,other_crop,wheat
pseudo,g0609,strip_5,wheat,wheat
pseudo,g0708,strip_5,wheat,wheat
pseudo,g0808,strip_5,other_crop,other_crop
pseudo,g0908,strip_5,not_cropped,not_cropped
pseudo,g0909,strip_5,wheat,wheat
