fields_per_fold,draw,features,balanced
3,0,hand-made (16),0.7906162464985994
3,0,Presto (128),0.7153043035395976
3,0,raw monthly (64),0.6472498090145149
3,1,hand-made (16),0.8374076903488668
3,1,Presto (128),0.9122103386809268
3,1,raw monthly (64),0.5879806468041763
3,2,hand-made (16),0.7736185383244206
3,2,Presto (128),0.8034759358288771
3,2,raw monthly (64),0.7892793481028776
3,3,hand-made (16),0.8565062388591801
3,3,Presto (128),0.756811815635345
3,3,raw monthly (64),0.6182836771072066
3,4,hand-made (16),0.8097147950089126
3,4,Presto (128),0.8079322638146168
3,4,raw monthly (64),0.6408836261777439
3,5,hand-made (16),0.7990196078431372
3,5,Presto (128),0.8685383244206774
3,5,raw monthly (64),0.6649477973007385
3,6,hand-made (16),0.7749554367201426
3,6,Presto (128),0.6592818945760123
3,6,raw monthly (64),0.6787624140565317
3,7,hand-made (16),0.6947415329768272
3,7,Presto (128),0.7393684746625923
3,7,raw monthly (64),0.610707919531449
3,8,hand-made (16),0.8836898395721925
3,8,Presto (128),0.8044308632543927
3,8,raw monthly (64),0.6721415839062898
3,9,hand-made (16),0.7192513368983957
3,9,Presto (128),0.6606187929717341
3,9,raw monthly (64),0.78698752228164
3,10,hand-made (16),0.8004838298955946
3,10,Presto (128),0.7727909345556404
3,10,raw monthly (64),0.7745098039215685
3,11,hand-made (16),0.7237076648841355
3,11,Presto (128),0.8044308632543927
3,11,raw monthly (64),0.6693404634581105
3,12,hand-made (16),0.6934046345811051
3,12,Presto (128),0.62764196587726
3,12,raw monthly (64),0.7077285459638402
3,13,hand-made (16),0.67825311942959
3,13,Presto (128),0.7349121466768526
3,13,raw monthly (64),0.6653934300993124
3,14,hand-made (16),0.8360707919531448
3,14,Presto (128),0.756811815635345
3,14,raw monthly (64),0.7424879042526101
3,15,hand-made (16),0.7286732874968168
3,15,Presto (128),0.5889355742296919
3,15,raw monthly (64),0.75222816399287
3,16,hand-made (16),0.8337789661319074
3,16,Presto (128),0.8232111026228672
3,16,raw monthly (64),0.610707919531449
3,17,hand-made (16),0.7046091163738222
3,17,Presto (128),0.7825311942959002
3,17,raw monthly (64),0.6350903997962821
3,18,hand-made (16),0.8034759358288771
3,18,Presto (128),0.7505729564553093
3,18,raw monthly (64),0.7323020117137764
3,19,hand-made (16),0.7192513368983957
3,19,Presto (128),0.6240132416603005
3,19,raw monthly (64),0.8003565062388591
3,20,hand-made (16),0.7401960784313726
3,20,Presto (128),0.6503692386045327
3,20,raw monthly (64),0.5804048892284187
3,21,hand-made (16),0.7727909345556404
3,21,Presto (128),0.7688439011968424
3,21,raw monthly (64),0.6736058059587471
3,22,hand-made (16),0.7923987776928954
3,22,Presto (128),0.7599312452253629
3,22,raw monthly (64),0.7710084033613445
3,23,hand-made (16),0.7380315762668704
3,23,Presto (128),0.8307868601986249
3,23,raw monthly (64),0.7046091163738222
3,24,hand-made (16),0.614654952890247
3,24,Presto (128),0.5746116628469569
3,24,raw monthly (64),0.5776037687802393
3,25,hand-made (16),0.8444741532976826
3,25,Presto (128),0.6948688566335625
3,25,raw monthly (64),0.6787624140565317
3,26,hand-made (16),0.8502673796791443
3,26,Presto (128),0.7484084542908072
3,26,raw monthly (64),0.8057677616501145
3,27,hand-made (16),0.8716577540106952
3,27,Presto (128),0.7198879551820728
3,27,raw monthly (64),0.779921059332824
3,28,hand-made (16),0.6480774127832952
3,28,Presto (128),0.756811815635345
3,28,raw monthly (64),0.6744334097275274
3,29,hand-made (16),0.7393684746625923
3,29,Presto (128),0.5905907817672523
3,29,raw monthly (64),0.75222816399287
6,0,hand-made (16),0.820409982174688
6,0,Presto (128),0.7999745352686528
6,0,raw monthly (64),0.6927043544690603
6,1,hand-made (16),0.9055895085306851
6,1,Presto (128),0.7296282149223327
6,1,raw monthly (64),0.8088871912401324
6,2,hand-made (16),0.9260249554367203
6,2,Presto (128),0.6909218232747644
6,2,raw monthly (64),0.7719633307868602
6,3,hand-made (16),0.9108734402852049
6,3,Presto (128),0.7500636618283677
6,3,raw monthly (64),0.8761140819964349
6,4,hand-made (16),0.8587980646804176
6,4,Presto (128),0.7991469314998727
6,4,raw monthly (64),0.8587980646804176
6,5,hand-made (16),0.8881461675579323
6,5,Presto (128),0.8828622358034123
6,5,raw monthly (64),0.8980137509549274
6,6,hand-made (16),0.8868092691622104
6,6,Presto (128),0.8672014260249554
6,6,raw monthly (64),0.792908072319837
6,7,hand-made (16),0.7963458110516933
6,7,Presto (128),0.8400178253119429
6,7,raw monthly (64),0.8355614973262032
6,8,hand-made (16),0.8792335115864528
6,8,Presto (128),0.7733002291825821
6,8,raw monthly (64),0.8436465495289025
6,9,hand-made (16),0.8868092691622104
6,9,Presto (128),0.8075502928444105
6,9,raw monthly (64),0.9108734402852049
6,10,hand-made (16),0.8240387063916476
6,10,Presto (128),0.8436465495289025
6,10,raw monthly (64),0.8828622358034123
6,11,hand-made (16),0.9456327985739751
6,11,Presto (128),0.7960275019098549
6,11,raw monthly (64),0.8980137509549274
6,12,hand-made (16),0.9064171122994652
6,12,Presto (128),0.7439521263050675
6,12,raw monthly (64),0.85122230710466
6,13,hand-made (16),0.8988413547237076
6,13,Presto (128),0.8391902215431628
6,13,raw monthly (64),0.9108734402852049
6,14,hand-made (16),0.8672014260249554
6,14,Presto (128),0.7724726254138018
6,14,raw monthly (64),0.6767252355487651
6,15,hand-made (16),0.9032976827094474
6,15,Presto (128),0.8467659791189203
6,15,raw monthly (64),0.758148714031067
6,16,hand-made (16),0.8912655971479501
6,16,Presto (128),0.9532085561497325
6,16,raw monthly (64),0.93048128342246
6,17,hand-made (16),0.7767379679144385
6,17,Presto (128),0.7131398013750955
6,17,raw monthly (64),0.7599312452253629
6,18,hand-made (16),0.93048128342246
6,18,Presto (128),0.9184491978609626
6,18,raw monthly (64),0.8232111026228672
6,19,hand-made (16),0.9336007130124777
6,19,Presto (128),0.756811815635345
6,19,raw monthly (64),0.84593837535014
6,20,hand-made (16),0.8083778966131908
6,20,Presto (128),0.8355614973262032
6,20,raw monthly (64),0.8159536541889484
6,21,hand-made (16),0.8279857397504456
6,21,Presto (128),0.7887700534759358
6,21,raw monthly (64),0.9064171122994652
6,22,hand-made (16),0.9064171122994652
6,22,Presto (128),0.8672014260249554
6,22,raw monthly (64),0.9184491978609626
6,23,hand-made (16),0.9108734402852049
6,23,Presto (128),0.7892793481028776
6,23,raw monthly (64),0.8912655971479501
6,24,hand-made (16),0.8475935828877006
6,24,Presto (128),0.8391902215431628
6,24,raw monthly (64),0.8565062388591801
6,25,hand-made (16),0.9139928698752229
6,25,Presto (128),0.834733893557423
6,25,raw monthly (64),0.7643875732111026
6,26,hand-made (16),0.8044308632543927
6,26,Presto (128),0.8672014260249554
6,26,raw monthly (64),0.8596256684491977
6,27,hand-made (16),0.8823529411764706
6,27,Presto (128),0.7251718869365927
6,27,raw monthly (64),0.7764196587725999
6,28,hand-made (16),0.9153297682709448
6,28,Presto (128),0.9077540106951871
6,28,raw monthly (64),0.9032976827094474
6,29,hand-made (16),0.8475935828877006
6,29,Presto (128),0.791571173924115
6,29,raw monthly (64),0.9260249554367203
12,0,hand-made (16),0.93048128342246
12,0,Presto (128),0.780366692131398
12,0,raw monthly (64),0.8307868601986249
12,1,hand-made (16),0.8520499108734403
12,1,Presto (128),0.7719633307868602
12,1,raw monthly (64),0.8792335115864528
12,2,hand-made (16),0.8988413547237076
12,2,Presto (128),0.7123121976063151
12,2,raw monthly (64),0.9024700789406671
12,3,hand-made (16),0.9456327985739751
12,3,Presto (128),0.9108734402852049
12,3,raw monthly (64),0.9100458365164247
12,4,hand-made (16),0.9532085561497325
12,4,Presto (128),0.8672014260249554
12,4,raw monthly (64),0.9215686274509803
12,5,hand-made (16),0.8859816653934299
12,5,Presto (128),0.8579704609116373
12,5,raw monthly (64),0.865546218487395
12,6,hand-made (16),0.9576648841354723
12,6,Presto (128),0.8587980646804176
12,6,raw monthly (64),0.9260249554367203
12,7,hand-made (16),0.9456327985739751
12,7,Presto (128),0.8187547746371276
12,7,raw monthly (64),0.9131652661064426
12,8,hand-made (16),0.9456327985739751
12,8,Presto (128),0.8428189457601222
12,8,raw monthly (64),0.9336007130124777
12,9,hand-made (16),0.93048128342246
12,9,Presto (128),0.9260249554367203
12,9,raw monthly (64),0.8156353450471098
12,10,hand-made (16),0.9456327985739751
12,10,Presto (128),0.7999745352686528
12,10,raw monthly (64),0.9055895085306851
12,11,hand-made (16),0.9456327985739751
12,11,Presto (128),0.8036032594856124
12,11,raw monthly (64),0.8428189457601222
12,12,hand-made (16),0.9336007130124777
12,12,Presto (128),0.7612681436210847
12,12,raw monthly (64),0.8103514132925898
12,13,hand-made (16),0.8761140819964349
12,13,Presto (128),0.6699770817417877
12,13,raw monthly (64),0.8792335115864528
12,14,hand-made (16),0.9456327985739751
12,14,Presto (128),0.8279857397504456
12,14,raw monthly (64),0.9532085561497325
12,15,hand-made (16),0.9260249554367203
12,15,Presto (128),0.8663738222561751
12,15,raw monthly (64),0.9380570409982174
12,16,hand-made (16),0.9260249554367203
12,16,Presto (128),0.8391902215431628
12,16,raw monthly (64),0.8784059078176725
12,17,hand-made (16),0.9652406417112299
12,17,Presto (128),0.8036032594856124
12,17,raw monthly (64),0.8904379933791698
12,18,hand-made (16),0.9532085561497325
12,18,Presto (128),0.9380570409982174
12,18,raw monthly (64),0.9064171122994652
12,19,hand-made (16),0.8868092691622104
12,19,Presto (128),0.7879424497071555
12,19,raw monthly (64),0.8792335115864528
12,20,hand-made (16),0.8988413547237076
12,20,Presto (128),0.81646294881589
12,20,raw monthly (64),0.8988413547237076
12,21,hand-made (16),0.9380570409982174
12,21,Presto (128),0.8828622358034123
12,21,raw monthly (64),0.8587980646804176
12,22,hand-made (16),0.9456327985739751
12,22,Presto (128),0.7839954163483576
12,22,raw monthly (64),0.9100458365164247
12,23,hand-made (16),0.93048128342246
12,23,Presto (128),0.8556786350903997
12,23,raw monthly (64),0.9380570409982174
12,24,hand-made (16),0.9260249554367203
12,24,Presto (128),0.7876241405653169
12,24,raw monthly (64),0.9055895085306851
12,25,hand-made (16),0.9064171122994652
12,25,Presto (128),0.8632543926661573
12,25,raw monthly (64),0.9139928698752229
12,26,hand-made (16),0.8747771836007129
12,26,Presto (128),0.8444741532976826
12,26,raw monthly (64),0.9336007130124777
12,27,hand-made (16),0.9500891265597148
12,27,Presto (128),0.8013114336643749
12,27,raw monthly (64),0.8352431881843647
12,28,hand-made (16),0.9652406417112299
12,28,Presto (128),0.8716577540106952
12,28,raw monthly (64),0.9184491978609626
12,29,hand-made (16),0.9064171122994652
12,29,Presto (128),0.81646294881589
12,29,raw monthly (64),0.8120066208301502
24,0,hand-made (16),0.9139928698752229
24,0,Presto (128),0.8075502928444105
24,0,raw monthly (64),0.9064171122994652
24,1,hand-made (16),0.9803921568627452
24,1,Presto (128),0.8556786350903997
24,1,raw monthly (64),0.9327731092436974
24,2,hand-made (16),0.9576648841354723
24,2,Presto (128),0.8881461675579323
24,2,raw monthly (64),0.9652406417112299
24,3,hand-made (16),0.9336007130124777
24,3,Presto (128),0.8784059078176725
24,3,raw monthly (64),0.8904379933791698
24,4,hand-made (16),0.9652406417112299
24,4,Presto (128),0.9336007130124777
24,4,raw monthly (64),0.9532085561497325
24,5,hand-made (16),0.9411764705882352
24,5,Presto (128),0.7403234020881081
24,5,raw monthly (64),0.9184491978609626
24,6,hand-made (16),0.9532085561497325
24,6,Presto (128),0.8467659791189203
24,6,raw monthly (64),0.9607843137254902
24,7,hand-made (16),0.9139928698752229
24,7,Presto (128),0.8520499108734403
24,7,raw monthly (64),0.9139928698752229
24,8,hand-made (16),0.9456327985739751
24,8,Presto (128),0.93048128342246
24,8,raw monthly (64),0.9576648841354723
24,9,hand-made (16),0.9336007130124777
24,9,Presto (128),0.8360707919531448
24,9,raw monthly (64),0.8980137509549274
24,10,hand-made (16),0.93048128342246
24,10,Presto (128),0.9108734402852049
24,10,raw monthly (64),0.9728163992869875
24,11,hand-made (16),0.9500891265597148
24,11,Presto (128),0.8428189457601222
24,11,raw monthly (64),0.9728163992869875
24,12,hand-made (16),0.9260249554367203
24,12,Presto (128),0.9260249554367203
24,12,raw monthly (64),0.8784059078176725
24,13,hand-made (16),0.9576648841354723
24,13,Presto (128),0.8640819964349377
24,13,raw monthly (64),0.8240387063916476
24,14,hand-made (16),0.9380570409982174
24,14,Presto (128),0.8080595874713521
24,14,raw monthly (64),0.9532085561497325
24,15,hand-made (16),0.9532085561497325
24,15,Presto (128),0.9064171122994652
24,15,raw monthly (64),0.9652406417112299
24,16,hand-made (16),0.9576648841354723
24,16,Presto (128),0.8240387063916476
24,16,raw monthly (64),0.8980137509549274
24,17,hand-made (16),0.9576648841354723
24,17,Presto (128),0.93048128342246
24,17,raw monthly (64),0.9652406417112299
24,18,hand-made (16),0.93048128342246
24,18,Presto (128),0.8232111026228672
24,18,raw monthly (64),0.9024700789406671
24,19,hand-made (16),0.9728163992869875
24,19,Presto (128),0.8708301502419148
24,19,raw monthly (64),0.9100458365164247
24,20,hand-made (16),0.9803921568627452
24,20,Presto (128),0.8080595874713521
24,20,raw monthly (64),0.865546218487395
24,21,hand-made (16),0.9652406417112299
24,21,Presto (128),0.7848230201171377
24,21,raw monthly (64),0.9260249554367203
24,22,hand-made (16),0.9108734402852049
24,22,Presto (128),0.7848230201171377
24,22,raw monthly (64),0.8904379933791698
24,23,hand-made (16),0.9456327985739751
24,23,Presto (128),0.8828622358034123
24,23,raw monthly (64),0.9456327985739751
24,24,hand-made (16),0.9336007130124777
24,24,Presto (128),0.8752864782276547
24,24,raw monthly (64),0.8904379933791698
24,25,hand-made (16),0.9803921568627452
24,25,Presto (128),0.8935574229691876
24,25,raw monthly (64),0.9652406417112299
24,26,hand-made (16),0.9456327985739751
24,26,Presto (128),0.8111790170613701
24,26,raw monthly (64),0.8428189457601222
24,27,hand-made (16),0.9380570409982174
24,27,Presto (128),0.7960275019098549
24,27,raw monthly (64),0.8503947033358799
24,28,hand-made (16),0.9576648841354723
24,28,Presto (128),0.8881461675579323
24,28,raw monthly (64),0.9260249554367203
24,29,hand-made (16),0.9260249554367203
24,29,Presto (128),0.894385026737968
24,29,raw monthly (64),0.9260249554367203
